,date,team,round 1,round 2,round 3,round 4,total
0,2019-01-02,爵士,24,29,32,31,116
1,2019-01-02,暴龍,26,25,44,27,122
2,2019-01-02,活塞,27,25,21,25,98
3,2019-01-02,公鹿,35,33,24,29,121
4,2019-01-02,尼克,32,24,28,24,108
5,2019-01-02,金塊,28,27,27,33,115
6,2019-01-02,拓荒者,26,38,19,20,113
7,2019-01-02,國王,25,25,27,26,108
8,2019-01-02,76人,41,35,25,18,119
9,2019-01-02,快艇,28,30,30,25,113
10,2019-01-03,獨行俠,42,23,29,28,122
11,2019-01-03,黄蜂,26,15,24,19,84
12,2019-01-03,熱火,22,36,35,24,117
13,2019-01-03,騎士,23,20,30,19,92
14,2019-01-03,老鷹,29,24,31,14,98
15,2019-01-03,巫師,35,29,24,26,114
16,2019-01-03,鵜鶘,29,29,29,34,121
17,2019-01-03,籃網,39,34,32,21,126
18,2019-01-03,灰狼,21,21,39,21,102
19,2019-01-03,塞爾蒂克,25,35,27,28,115
20,2019-01-03,魔術,32,30,28,22,112
21,2019-01-03,公牛,16,29,17,22,84
22,2019-01-03,活塞,26,25,21,29,101
23,2019-01-03,灰熊,24,31,12,27,94
24,2019-01-03,76人,44,28,32,28,132
25,2019-01-03,太陽,32,17,38,40,127
26,2019-01-03,雷霆,25,34,19,29,107
27,2019-01-03,湖人,25,32,25,18,100
28,2019-01-04,暴龍,19,32,24,32,107
29,2019-01-04,馬刺,38,29,29,29,125
30,2019-01-04,金塊,30,23,31,33,117
31,2019-01-04,國王,30,36,18,29,113
32,2019-01-04,火箭,22,31,39,27,135
33,2019-01-04,勇士,34,36,28,21,134
34,2019-01-05,爵士,23,25,33,36,117
35,2019-01-05,騎士,20,29,22,20,91
36,2019-01-05,獨行俠,23,28,17,25,93
37,2019-01-05,塞爾蒂克,34,24,26,30,114
38,2019-01-05,巫師,24,34,28,23,109
39,2019-01-05,熱火,31,30,34,20,115
40,2019-01-05,溜馬,18,36,21,30,119
41,2019-01-05,公牛,30,28,20,27,116
42,2019-01-05,籃網,26,22,33,28,109
43,2019-01-05,灰熊,26,21,30,23,100
44,2019-01-05,魔術,40,28,17,18,103
45,2019-01-05,灰狼,31,33,31,25,120
46,2019-01-05,老鷹,14,29,36,33,112
47,2019-01-05,公鹿,43,33,42,26,144
48,2019-01-05,快艇,38,30,23,30,121
49,2019-01-05,太陽,19,25,34,33,111
50,2019-01-05,尼克,39,24,23,33,119
51,2019-01-05,湖人,25,34,33,20,112
52,2019-01-05,雷霆,28,29,36,18,111
53,2019-01-05,拓荒者,28,34,25,22,109
54,2019-01-06,黄蜂,26,30,28,26,110
55,2019-01-06,金塊,31,27,31,34,123
56,2019-01-06,爵士,13,35,28,34,110
57,2019-01-06,活塞,31,22,25,27,105
58,2019-01-06,獨行俠,26,25,19,30,100
59,2019-01-06,76人,31,28,28,19,106
60,2019-01-06,鵜鶘,28,33,37,35,133
61,2019-01-06,騎士,26,26,20,26,98
62,2019-01-06,暴龍,27,29,35,32,123
63,2019-01-06,公鹿,34,23,25,34,116
64,2019-01-06,灰熊,25,19,22,22,88
65,2019-01-06,馬刺,27,37,24,20,108
66,2019-01-06,火箭,30,16,31,24,101
67,2019-01-06,拓荒者,30,29,27,24,110
68,2019-01-06,勇士,43,27,26,31,127
69,2019-01-06,國王,29,40,34,20,123
70,2019-01-07,籃網,28,27,33,29,117
71,2019-01-07,公牛,21,34,27,18,100
72,2019-01-07,湖人,19,26,23,18,86
73,2019-01-07,灰狼,35,29,19,25,108
74,2019-01-07,魔術,28,19,20,29,96
75,2019-01-07,快艇,18,27,25,36,106
76,2019-01-07,熱火,16,21,21,24,82
77,2019-01-07,老鷹,23,15,41,27,106
78,2019-01-07,巫師,28,26,36,26,116
79,2019-01-07,雷霆,25,25,29,19,98
80,2019-01-07,溜馬,35,28,21,21,105
81,2019-01-07,暴龍,37,33,26,25,121
82,2019-01-07,黄蜂,29,28,28,34,119
83,2019-01-07,太陽,30,30,21,32,113
84,2019-01-08,馬刺,25,34,25,35,119
85,2019-01-08,活塞,31,20,22,34,107
86,2019-01-08,籃網,22,23,29,21,95
87,2019-01-08,塞爾蒂克,34,22,30,30,116
88,2019-01-08,金塊,35,25,29,24,113
89,2019-01-08,火箭,33,37,26,29,125
90,2019-01-08,爵士,34,28,24,16,102
91,2019-01-08,公鹿,32,26,25,31,114
92,2019-01-08,灰熊,27,24,22,22,95
93,2019-01-08,鵜鶘,31,22,33,28,114
94,2019-01-08,湖人,25,29,32,21,107
95,2019-01-08,獨行俠,33,34,13,17,97
96,2019-01-08,尼克,30,23,23,25,101
97,2019-01-08,拓荒者,30,24,32,25,111
98,2019-01-08,魔術,25,17,20,33,95
99,2019-01-08,國王,29,29,32,21,111
100,2019-01-09,溜馬,38,25,29,31,123
101,2019-01-09,騎士,16,27,36,36,115
102,2019-01-09,巫師,29,16,33,37,115
103,2019-01-09,76人,32,36,36,28,132
104,2019-01-09,金塊,24,25,27,27,103
105,2019-01-09,熱火,18,34,24,23,99
106,2019-01-09,老鷹,31,26,20,24,101
107,2019-01-09,暴龍,28,28,24,24,104
108,2019-01-09,灰狼,29,35,32,23,119
109,2019-01-09,雷霆,23,41,29,24,117
110,2019-01-09,國王,32,40,14,25,111
111,2019-01-09,太陽,35,18,33,29,115
112,2019-01-09,尼克,25,24,19,27,95
113,2019-01-09,勇士,31,30,33,28,122
114,2019-01-09,黄蜂,24,33,20,32,109
115,2019-01-09,快艇,33,29,24,42,128
116,2019-01-10,溜馬,23,30,27,28,108
117,2019-01-10,塞爾蒂克,29,39,37,30,135
118,2019-01-10,76人,20,28,27,31,106
119,2019-01-10,巫師,25,38,29,31,123
120,2019-01-10,老鷹,38,19,23,20,100
121,2019-01-10,籃網,23,28,35,30,116
122,2019-01-10,公鹿,26,28,38,24,116
123,2019-01-10,火箭,29,31,23,26,109
124,2019-01-10,馬刺,18,13,33,22,86
125,2019-01-10,灰熊,22,20,30,24,96
126,2019-01-10,騎士,38,25,28,33,124
127,2019-01-10,鵜鶘,25,34,41,40,140
128,2019-01-10,太陽,26,24,19,25,94
129,2019-01-10,獨行俠,26,20,32,26,104
130,2019-01-10,魔術,32,31,12,18,93
131,2019-01-10,爵士,19,27,32,28,106
132,2019-01-10,公牛,29,22,34,27,112
133,2019-01-10,拓荒者,30,26,39,29,124
134,2019-01-10,活塞,24,23,30,23,100
135,2019-01-10,湖人,20,35,34,24,113
136,2019-01-11,塞爾蒂克,24,19,29,27,99
137,2019-01-11,熱火,28,33,22,32,115
138,2019-01-11,快艇,25,29,22,24,100
139,2019-01-11,金塊,37,28,28,28,121
140,2019-01-11,雷霆,23,40,30,37,147
141,2019-01-11,馬刺,33,37,35,25,154
142,2019-01-11,活塞,21,27,26,28,102
143,2019-01-11,國王,34,31,26,21,112
144,2019-01-12,老鷹,32,22,35,34,123
145,2019-01-12,76人,30,26,32,33,121
146,2019-01-12,公鹿,26,21,35,24,106
147,2019-01-12,巫師,40,17,28,28,113
148,2019-01-12,溜馬,31,33,32,25,121
149,2019-01-12,尼克,22,30,30,24,106
150,2019-01-12,籃網,35,18,22,30,105
151,2019-01-12,暴龍,28,36,35,23,122
152,2019-01-12,騎士,22,27,32,32,113
153,2019-01-12,火箭,42,35,36,28,141
154,2019-01-12,獨行俠,28,33,24,34,119
155,2019-01-12,灰狼,26,24,28,37,115
156,2019-01-12,湖人,26,15,27,27,95
157,2019-01-12,爵士,32,30,21,30,113
158,2019-01-12,黄蜂,27,22,19,28,96
159,2019-01-12,拓荒者,37,33,31,26,127
160,2019-01-12,公牛,17,38,21,33,109
161,2019-01-12,勇士,43,33,40,30,146
162,2019-01-13,活塞,37,28,25,19,109
163,2019-01-13,快艇,24,30,26,24,104
164,2019-01-13,灰熊,34,27,22,25,108
165,2019-01-13,熱火,30,33,28,21,112
166,2019-01-13,塞爾蒂克,19,32,26,26,103
167,2019-01-13,魔術,19,22,31,33,105
168,2019-01-13,鵜鶘,29,23,37,17,106
169,2019-01-13,灰狼,27,27,33,23,110
170,2019-01-13,馬刺,31,29,20,32,112
171,2019-01-13,雷霆,23,28,35,36,122
172,2019-01-13,金塊,23,24,22,24,93
173,2019-01-13,太陽,31,29,21,21,102
174,2019-01-13,黄蜂,29,30,17,21,97
175,2019-01-13,國王,35,22,25,22,104
176,2019-01-13,公牛,19,34,29,20,102
177,2019-01-13,爵士,29,22,30,29,110
178,2019-01-14,76人,36,30,17,25,108
179,2019-01-14,尼克,24,26,32,23,105
180,2019-01-14,暴龍,36,25,37,26,140
181,2019-01-14,巫師,21,29,34,40,138
182,2019-01-14,公鹿,35,29,31,38,133
183,2019-01-14,老鷹,32,23,29,30,114
184,2019-01-14,火箭,26,33,29,21,109
185,2019-01-14,魔術,18,34,34,30,116
186,2019-01-14,勇士,25,37,30,27,119
187,2019-01-14,獨行俠,29,25,34,26,114
188,2019-01-14,拓荒者,32,28,28,25,113
189,2019-01-14,金塊,34,24,35,23,116
190,2019-01-14,騎士,32,19,24,26,101
191,2019-01-14,湖人,24,22,19,30,95
192,2019-01-15,塞爾蒂克,25,20,21,36,102
193,2019-01-15,籃網,27,19,44,19,109
194,2019-01-15,灰熊,29,19,22,24,94
195,2019-01-15,火箭,24,30,33,25,112
196,2019-01-15,黄蜂,28,21,27,32,108
197,2019-01-15,馬刺,24,19,29,21,93
198,2019-01-15,活塞,31,28,15,20,94
199,2019-01-15,爵士,27,26,22,25,100
200,2019-01-15,拓荒者,27,17,31,32,107
201,2019-01-15,國王,24,30,29,32,115
202,2019-01-15,鵜鶘,32,34,28,27,121
203,2019-01-15,快艇,36,27,25,29,117
204,2019-01-16,太陽,19,32,22,24,97
205,2019-01-16,溜馬,38,24,34,35,131
206,2019-01-16,灰狼,27,31,32,17,107
207,2019-01-16,76人,40,43,32,34,149
208,2019-01-16,雷霆,29,30,41,26,126
209,2019-01-16,老鷹,25,45,27,45,142
210,2019-01-16,熱火,23,22,18,23,86
211,2019-01-16,公鹿,30,39,24,31,124
212,2019-01-16,勇士,51,28,33,30,142
213,2019-01-16,金塊,38,22,23,28,111
214,2019-01-16,公牛,18,25,25,32,100
215,2019-01-16,湖人,19,25,32,31,107
216,2019-01-17,魔術,34,29,21,25,115
217,2019-01-17,活塞,26,32,32,19,120
218,2019-01-17,暴龍,36,17,30,25,108
219,2019-01-17,塞爾蒂克,30,34,23,30,117
220,2019-01-17,籃網,34,28,23,46,145
221,2019-01-17,火箭,30,24,40,37,142
222,2019-01-17,公鹿,28,22,41,20,111
223,2019-01-17,灰熊,20,25,28,28,101
224,2019-01-17,馬刺,20,25,30,30,105
225,2019-01-17,獨行俠,35,21,24,21,101
226,2019-01-17,騎士,26,29,30,27,112
227,2019-01-17,拓荒者,30,32,38,29,129
228,2019-01-17,鵜鶘,39,32,38,31,140
229,2019-01-17,勇士,31,35,44,37,147
230,2019-01-17,爵士,31,25,32,41,129
231,2019-01-17,快艇,22,27,23,37,109
232,2019-01-18,尼克,30,33,26,11,100
233,2019-01-18,巫師,20,33,24,24,101
234,2019-01-18,國王,25,25,23,22,95
235,2019-01-18,黄蜂,20,43,20,31,114
236,2019-01-18,76人,28,26,32,34,120
237,2019-01-18,溜馬,25,23,23,25,96
238,2019-01-18,太陽,20,29,29,31,109
239,2019-01-18,暴龍,32,25,20,34,111
240,2019-01-18,公牛,30,17,26,32,105
241,2019-01-18,金塊,28,33,42,32,135
242,2019-01-18,湖人,27,40,28,27,138
243,2019-01-18,雷霆,39,24,33,26,128
244,2019-01-19,灰熊,24,38,29,25,116
245,2019-01-19,塞爾蒂克,35,23,38,26,122
246,2019-01-19,熱火,17,22,30,24,93
247,2019-01-19,活塞,30,23,12,33,98
248,2019-01-19,籃網,25,29,32,31,117
249,2019-01-19,魔術,32,35,28,20,115
250,2019-01-19,馬刺,28,30,30,28,116
251,2019-01-19,灰狼,31,27,32,23,113
252,2019-01-19,騎士,20,17,23,39,99
253,2019-01-19,爵士,29,32,32,22,115
254,2019-01-19,勇士,28,24,29,31,112
255,2019-01-19,快艇,25,26,21,22,94
256,2019-01-19,鵜鶘,29,29,28,26,112
257,2019-01-19,拓荒者,32,42,30,24,128
258,2019-01-20,雷霆,33,26,29,29,117
259,2019-01-20,76人,25,31,23,36,115
260,2019-01-20,太陽,26,34,26,29,115
261,2019-01-20,黄蜂,39,32,38,26,135
262,2019-01-20,國王,26,25,23,29,103
263,2019-01-20,活塞,30,27,25,19,101
264,2019-01-20,獨行俠,23,19,27,30,99
265,2019-01-20,溜馬,24,34,26,27,111
266,2019-01-20,公鹿,33,26,28,31,118
267,2019-01-20,魔術,24,22,36,26,108
268,2019-01-20,塞爾蒂克,28,32,23,30,113
269,2019-01-20,老鷹,36,31,22,16,105
270,2019-01-20,灰熊,19,29,14,28,90
271,2019-01-20,暴龍,23,32,45,19,119
272,2019-01-20,熱火,31,24,28,34,117
273,2019-01-20,公牛,30,27,19,27,103
274,2019-01-20,湖人,39,25,22,34,134
275,2019-01-20,火箭,26,20,36,38,138
276,2019-01-20,騎士,25,21,30,26,102
277,2019-01-20,金塊,37,33,31,23,124
278,2019-01-21,黄蜂,26,15,30,24,95
279,2019-01-21,溜馬,34,22,27,37,120
280,2019-01-21,太陽,31,36,29,18,114
281,2019-01-21,灰狼,29,35,27,25,116
282,2019-01-21,快艇,38,22,20,23,103
283,2019-01-21,馬刺,26,27,20,22,95
284,2019-01-22,雷霆,34,33,36,24,127
285,2019-01-22,尼克,16,31,35,27,109
286,2019-01-22,公牛,31,17,28,28,104
287,2019-01-22,騎士,18,24,25,21,88
288,2019-01-22,活塞,17,17,30,23,87
289,2019-01-22,巫師,29,21,31,20,101
290,2019-01-22,獨行俠,26,33,25,22,106
291,2019-01-22,公鹿,35,22,35,24,116
292,2019-01-22,魔術,28,32,31,31,122
293,2019-01-22,老鷹,31,26,21,25,103
294,2019-01-22,國王,23,37,25,9,94
295,2019-01-22,籃網,29,26,38,30,123
296,2019-01-22,鵜鶘,21,33,28,23,105
297,2019-01-22,灰熊,28,22,18,17,85
298,2019-01-22,熱火,23,27,18,31,99
299,2019-01-22,塞爾蒂克,33,17,37,20,107
300,2019-01-22,火箭,26,24,13,30,93
301,2019-01-22,76人,30,35,29,27,121
302,2019-01-22,拓荒者,29,15,39,26,109
303,2019-01-22,爵士,28,23,28,25,104
304,2019-01-22,勇士,29,36,45,20,130
305,2019-01-22,湖人,24,31,25,31,111
306,2019-01-23,國王,34,22,22,27,105
307,2019-01-23,暴龍,29,31,28,32,120
308,2019-01-23,拓荒者,25,30,32,27,114
309,2019-01-23,雷霆,25,37,31,30,123
310,2019-01-23,快艇,29,27,17,25,98
311,2019-01-23,獨行俠,26,32,20,28,106
312,2019-01-23,灰狼,32,32,29,25,118
313,2019-01-23,太陽,27,22,22,20,91
314,2019-01-24,暴龍,16,31,28,31,106
315,2019-01-24,溜馬,24,35,25,26,110
316,2019-01-24,騎士,30,20,30,23,103
317,2019-01-24,塞爾蒂克,27,38,27,31,123
318,2019-01-24,魔術,25,31,30,24,110
319,2019-01-24,籃網,26,30,33,25,114
320,2019-01-24,快艇,27,27,23,34,111
321,2019-01-24,熱火,31,23,18,27,99
322,2019-01-24,火箭,28,30,30,26,114
323,2019-01-24,尼克,31,32,15,32,110
324,2019-01-24,馬刺,35,29,32,24,120
325,2019-01-24,76人,34,33,29,26,122
326,2019-01-24,老鷹,42,24,32,23,121
327,2019-01-24,公牛,25,35,23,18,101
328,2019-01-24,黄蜂,23,35,28,32,118
329,2019-01-24,灰熊,22,32,22,31,107
330,2019-01-24,活塞,31,26,22,19,98
331,2019-01-24,鵜鶘,28,19,23,24,94
332,2019-01-24,金塊,24,34,22,28,108
333,2019-01-24,爵士,30,35,23,26,114
334,2019-01-25,勇士,37,30,37,22,126
335,2019-01-25,巫師,28,31,33,26,118
336,2019-01-25,鵜鶘,28,25,29,34,116
337,2019-01-25,雷霆,28,37,33,24,122
338,2019-01-25,拓荒者,30,26,32,32,120
339,2019-01-25,太陽,31,21,24,30,106
340,2019-01-25,灰狼,28,30,26,36,120
341,2019-01-25,湖人,29,32,21,23,105
342,2019-01-26,巫師,24,26,25,20,95
343,2019-01-26,魔術,21,17,31,22,91
344,2019-01-26,尼克,37,23,22,17,99
345,2019-01-26,籃網,30,30,27,22,109
346,2019-01-26,熱火,27,21,32,20,100
347,2019-01-26,騎士,23,30,17,24,94
348,2019-01-26,快艇,27,25,28,26,106
349,2019-01-26,公牛,20,36,26,19,101
350,2019-01-26,暴龍,20,41,28,30,119
351,2019-01-26,火箭,33,37,26,25,121
352,2019-01-26,國王,24,24,29,22,99
353,2019-01-26,灰熊,23,19,29,25,96
354,2019-01-26,活塞,28,26,31,16,101
355,2019-01-26,獨行俠,23,39,26,18,106
356,2019-01-26,黄蜂,27,27,33,12,99
357,2019-01-26,公鹿,22,30,24,32,108
358,2019-01-26,太陽,32,23,26,14,95
359,2019-01-26,金塊,37,33,28,34,132
360,2019-01-26,灰狼,24,21,24,33,102
361,2019-01-26,爵士,31,21,38,16,106
362,2019-01-27,馬刺,28,32,36,30,126
363,2019-01-27,鵜鶘,27,30,28,29,114
364,2019-01-27,溜馬,19,23,27,34,103
365,2019-01-27,灰熊,24,29,25,28,106
366,2019-01-27,勇士,29,32,29,25,115
367,2019-01-27,塞爾蒂克,26,33,25,27,111
368,2019-01-27,76人,37,31,28,14,110
369,2019-01-27,金塊,41,36,30,19,126
370,2019-01-27,老鷹,30,34,26,21,111
371,2019-01-27,拓荒者,40,23,30,27,120
372,2019-01-28,騎士,27,24,28,25,104
373,2019-01-28,公牛,29,24,26,22,101
374,2019-01-28,國王,21,30,25,32,108
375,2019-01-28,快艇,34,33,20,35,122
376,2019-01-28,公鹿,25,17,37,33,112
377,2019-01-28,雷霆,31,25,33,29,118
378,2019-01-28,魔術,34,27,21,16,98
379,2019-01-28,火箭,18,35,21,29,103
380,2019-01-28,暴龍,38,32,15,38,123
381,2019-01-28,獨行俠,32,26,30,32,120
382,2019-01-28,爵士,25,28,37,35,125
383,2019-01-28,灰狼,22,28,35,26,111
384,2019-01-28,巫師,26,43,17,33,119
385,2019-01-28,馬刺,36,34,29,33,132
386,2019-01-28,熱火,25,27,29,25,106
387,2019-01-28,尼克,26,32,12,27,97
388,2019-01-28,太陽,27,26,28,21,102
389,2019-01-28,湖人,31,34,25,26,116
390,2019-01-29,尼克,24,29,18,21,92
391,2019-01-29,黄蜂,30,24,17,30,101
392,2019-01-29,勇士,40,29,32,31,132
393,2019-01-29,溜馬,22,26,31,21,100
394,2019-01-29,籃網,26,24,38,16,104
395,2019-01-29,塞爾蒂克,32,28,29,23,112
396,2019-01-29,金塊,16,25,19,35,95
397,2019-01-29,灰熊,30,30,17,15,92
398,2019-01-29,老鷹,32,31,31,29,123
399,2019-01-29,快艇,25,36,22,35,118
400,2019-01-30,巫師,24,23,22,44,113
401,2019-01-30,騎士,26,27,35,28,116
402,2019-01-30,公鹿,30,32,27,26,115
403,2019-01-30,活塞,22,27,28,28,105
404,2019-01-30,雷霆,32,37,22,35,126
405,2019-01-30,魔術,35,28,31,23,117
406,2019-01-30,公牛,19,35,25,38,117
407,2019-01-30,籃網,20,30,33,39,122
408,2019-01-30,鵜鶘,28,31,35,27,121
409,2019-01-30,火箭,35,31,25,25,116
410,2019-01-30,太陽,33,34,24,33,124
411,2019-01-30,馬刺,33,37,26,30,126
412,2019-01-30,76人,39,25,32,25,121
413,2019-01-30,湖人,20,33,28,24,105
414,2019-01-31,黄蜂,28,31,16,19,94
415,2019-01-31,塞爾蒂克,35,28,35,28,126
416,2019-01-31,公牛,31,19,28,27,105
417,2019-01-31,熱火,21,27,20,21,89
418,2019-01-31,獨行俠,24,31,35,24,114
419,2019-01-31,尼克,20,27,23,20,90
420,2019-01-31,溜馬,25,20,24,20,89
421,2019-01-31,巫師,35,24,23,25,107
422,2019-01-31,灰熊,16,28,25,24,97
423,2019-01-31,灰狼,24,20,27,22,99
424,2019-01-31,金塊,29,24,33,19,105
425,2019-01-31,鵜鶘,26,30,19,24,99
426,2019-01-31,老鷹,31,22,27,33,113
427,2019-01-31,國王,32,35,38,30,135
428,2019-01-31,爵士,27,31,22,25,105
429,2019-01-31,拓荒者,45,29,35,23,132
430,2019-02-01,獨行俠,21,28,21,19,89
431,2019-02-01,活塞,19,26,18,30,93
432,2019-02-01,溜馬,19,29,25,27,100
433,2019-02-01,魔術,24,27,18,38,107
434,2019-02-01,公鹿,22,34,31,18,105
435,2019-02-01,暴龍,25,22,29,16,92
436,2019-02-01,籃網,25,26,38,25,114
437,2019-02-01,馬刺,29,23,33,32,117
438,2019-02-01,76人,30,23,42,18,113
439,2019-02-01,勇士,35,25,26,18,104
440,2019-02-01,湖人,32,22,33,25,123
441,2019-02-01,快艇,26,27,22,37,120
442,2019-02-02,灰熊,29,16,28,19,92
443,2019-02-02,黄蜂,17,28,25,30,100
444,2019-02-02,塞爾蒂克,25,31,24,33,113
445,2019-02-02,尼克,20,27,26,26,99
446,2019-02-02,雷霆,31,41,22,24,118
447,2019-02-02,熱火,24,29,21,28,102
448,2019-02-02,老鷹,34,26,27,25,112
449,2019-02-02,爵士,36,22,38,32,128
450,2019-02-02,火箭,43,28,24,27,122
451,2019-02-02,金塊,35,48,30,23,136
452,2019-02-03,快艇,22,25,29,35,111
453,2019-02-03,活塞,40,25,22,14,101
454,2019-02-03,公牛,26,34,26,32,118
455,2019-02-03,黄蜂,27,24,37,37,125
456,2019-02-03,籃網,21,27,22,19,89
457,2019-02-03,魔術,26,18,34,24,102
458,2019-02-03,公鹿,38,35,27,31,131
459,2019-02-03,巫師,26,24,34,31,115
460,2019-02-03,獨行俠,40,18,28,25,111
461,2019-02-03,騎士,31,24,25,18,98
462,2019-02-03,溜馬,21,32,31,11,95
463,2019-02-03,熱火,27,27,23,11,88
464,2019-02-03,鵜鶘,24,26,28,30,108
465,2019-02-03,馬刺,35,28,31,19,113
466,2019-02-03,湖人,24,34,28,15,101
467,2019-02-03,勇士,33,30,25,27,115
468,2019-02-03,金塊,29,32,28,18,107
469,2019-02-03,灰狼,38,26,24,18,106
470,2019-02-03,老鷹,33,25,28,32,118
471,2019-02-03,太陽,30,27,31,24,112
472,2019-02-03,火箭,31,32,28,34,125
473,2019-02-03,爵士,27,23,19,29,98
474,2019-02-03,76人,26,26,27,29,108
475,2019-02-03,國王,32,30,24,29,115
476,2019-02-04,灰熊,19,23,32,22,96
477,2019-02-04,尼克,22,19,21,22,84
478,2019-02-04,雷霆,29,29,35,36,129
479,2019-02-04,塞爾蒂克,31,35,33,35,134
480,2019-02-04,快艇,23,28,29,23,103
481,2019-02-04,暴龍,23,42,32,24,121
482,2019-02-05,金塊,36,19,28,20,103
483,2019-02-05,活塞,34,34,29,32,129
484,2019-02-05,老鷹,35,26,38,38,137
485,2019-02-05,巫師,20,37,32,40,129
486,2019-02-05,公鹿,23,28,36,26,113
487,2019-02-05,籃網,17,25,22,30,94
488,2019-02-05,溜馬,25,28,30,26,109
489,2019-02-05,鵜鶘,20,30,24,33,107
490,2019-02-05,火箭,32,31,31,24,118
491,2019-02-05,太陽,28,29,23,30,110
492,2019-02-05,馬刺,25,34,27,26,112
493,2019-02-05,國王,37,26,35,29,127
494,2019-02-06,快艇,26,27,31,33,117
495,2019-02-06,黄蜂,25,33,34,23,115
496,2019-02-06,塞爾蒂克,28,31,26,18,103
497,2019-02-06,騎士,30,21,28,17,96
498,2019-02-06,湖人,26,20,27,21,94
499,2019-02-06,溜馬,33,36,32,35,136
500,2019-02-06,活塞,36,27,15,27,105
501,2019-02-06,尼克,28,26,17,21,92
502,2019-02-06,暴龍,40,32,28,19,119
503,2019-02-06,76人,28,27,27,25,107
504,2019-02-06,灰狼,19,35,29,23,106
505,2019-02-06,灰熊,32,34,19,23,108
506,2019-02-06,魔術,32,37,23,30,122
507,2019-02-06,雷霆,31,31,36,34,132
508,2019-02-06,熱火,34,28,32,24,118
509,2019-02-06,拓荒者,30,25,24,29,108
510,2019-02-07,金塊,35,25,27,43,130
511,2019-02-07,籃網,30,42,36,27,135
512,2019-02-07,鵜鶘,37,27,27,34,125
513,2019-02-07,公牛,39,26,17,38,120
514,2019-02-07,巫師,35,30,42,22,129
515,2019-02-07,公鹿,50,35,35,28,148
516,2019-02-07,黄蜂,20,26,25,22,93
517,2019-02-07,獨行俠,27,25,22,25,99
518,2019-02-07,太陽,24,22,25,17,88
519,2019-02-07,爵士,30,26,23,37,116
520,2019-02-07,火箭,32,44,28,23,127
521,2019-02-07,國王,28,17,29,27,101
522,2019-02-07,馬刺,31,21,31,19,102
523,2019-02-07,勇士,33,33,49,26,141
524,2019-02-08,快艇,31,22,20,19,92
525,2019-02-08,溜馬,36,35,27,18,116
526,2019-02-08,灰狼,31,27,27,27,112
527,2019-02-08,魔術,32,39,31,20,122
528,2019-02-08,暴龍,22,38,28,31,119
529,2019-02-08,老鷹,33,35,17,16,101
530,2019-02-08,湖人,24,33,42,30,129
531,2019-02-08,塞爾蒂克,30,36,27,35,128
532,2019-02-08,灰熊,32,21,19,23,95
533,2019-02-08,雷霆,27,24,32,34,117
534,2019-02-08,馬刺,34,23,33,28,118
535,2019-02-08,拓荒者,31,39,26,31,127
536,2019-02-09,尼克,22,32,30,19,103
537,2019-02-09,活塞,41,22,26,31,120
538,2019-02-09,金塊,23,33,26,28,110
539,2019-02-09,76人,33,23,27,34,117
540,2019-02-09,騎士,27,25,34,20,106
541,2019-02-09,巫師,41,25,26,27,119
542,2019-02-09,公牛,32,23,38,32,125
543,2019-02-09,籃網,27,21,32,26,106
544,2019-02-09,公鹿,29,35,30,28,122
545,2019-02-09,獨行俠,29,22,35,21,107
546,2019-02-09,勇士,26,34,22,35,117
547,2019-02-09,太陽,31,22,32,22,107
548,2019-02-09,灰狼,35,27,26,29,117
549,2019-02-09,鵜鶘,22,40,28,32,122
550,2019-02-09,熱火,28,31,24,13,96
551,2019-02-09,國王,17,33,25,27,102
552,2019-02-10,馬刺,24,24,27,30,105
553,2019-02-10,爵士,23,39,24,39,125
554,2019-02-10,騎士,17,25,18,30,90
555,2019-02-10,溜馬,30,24,20,31,105
556,2019-02-10,黄蜂,46,27,33,23,129
557,2019-02-10,老鷹,31,37,18,34,120
558,2019-02-10,暴龍,25,21,28,30,104
559,2019-02-10,尼克,23,19,27,30,99
560,2019-02-10,快艇,20,33,28,42,123
561,2019-02-10,塞爾蒂克,43,31,12,26,112
562,2019-02-10,巫師,34,42,30,28,134
563,2019-02-10,公牛,32,29,35,29,125
564,2019-02-10,鵜鶘,28,16,18,28,90
565,2019-02-10,灰熊,20,21,31,27,99
566,2019-02-10,雷霆,25,23,42,27,117
567,2019-02-10,火箭,28,42,20,22,112
568,2019-02-10,魔術,20,39,20,24,103
569,2019-02-10,公鹿,19,30,15,19,83
570,2019-02-11,拓荒者,24,33,35,9,101
571,2019-02-11,獨行俠,25,22,31,24,102
572,2019-02-11,湖人,40,27,27,26,120
573,2019-02-11,76人,39,37,33,34,143
574,2019-02-11,太陽,23,21,28,32,104
575,2019-02-11,國王,33,30,24,30,117
576,2019-02-11,魔術,26,37,35,26,124
577,2019-02-11,老鷹,25,23,26,34,108
578,2019-02-11,熱火,34,25,23,36,118
579,2019-02-11,勇士,24,30,36,30,120
580,2019-02-12,尼克,22,26,31,25,104
581,2019-02-12,騎士,30,33,26,18,107
582,2019-02-12,巫師,27,32,20,33,112
583,2019-02-12,活塞,36,25,29,31,121
584,2019-02-12,黄蜂,19,19,33,19,90
585,2019-02-12,溜馬,32,22,23,22,99
586,2019-02-12,籃網,29,31,32,33,125
587,2019-02-12,暴龍,21,35,36,35,127
588,2019-02-12,公鹿,22,28,29,33,112
589,2019-02-12,公牛,21,28,22,28,99
590,2019-02-12,獨行俠,22,28,28,26,104
591,2019-02-12,火箭,25,39,28,28,120
592,2019-02-12,快艇,26,29,36,29,120
593,2019-02-12,灰狼,29,34,36,31,130
594,2019-02-12,拓荒者,26,23,33,29,111
595,2019-02-12,雷霆,36,32,19,33,120
596,2019-02-12,熱火,27,22,21,17,87
597,2019-02-12,金塊,35,19,29,20,103
598,2019-02-13,湖人,32,37,26,18,113
599,2019-02-13,老鷹,38,27,35,17,117
600,2019-02-13,塞爾蒂克,28,24,25,35,112
601,2019-02-13,76人,23,23,28,35,109
602,2019-02-13,馬刺,20,37,37,14,108
603,2019-02-13,灰熊,33,25,28,21,107
604,2019-02-13,魔術,39,24,29,26,118
605,2019-02-13,鵜鶘,17,29,15,27,88
606,2019-02-13,爵士,14,30,40,24,108
607,2019-02-13,勇士,25,22,34,34,115
608,2019-02-14,籃網,30,25,29,25,148
609,2019-02-14,騎士,29,29,26,25,139
610,2019-02-14,公鹿,26,29,21,30,106
611,2019-02-14,溜馬,18,29,32,18,97
612,2019-02-14,活塞,29,23,20,38,110
613,2019-02-14,塞爾蒂克,28,29,34,27,118
614,2019-02-14,76人,37,34,29,26,126
615,2019-02-14,尼克,33,22,36,20,111
616,2019-02-14,巫師,26,39,28,27,120
617,2019-02-14,暴龍,30,29,44,26,129
618,2019-02-14,灰熊,32,30,21,27,110
619,2019-02-14,公牛,36,31,25,30,122
620,2019-02-14,火箭,29,29,26,27,111
621,2019-02-14,灰狼,28,24,35,34,121
622,2019-02-14,熱火,29,28,32,23,112
623,2019-02-14,獨行俠,25,33,16,27,101
624,2019-02-14,國王,41,28,22,27,118
625,2019-02-14,金塊,30,28,35,27,120
626,2019-02-14,勇士,33,28,34,12,107
627,2019-02-14,拓荒者,31,33,30,35,129
628,2019-02-14,太陽,22,29,28,28,107
629,2019-02-14,快艇,32,35,33,34,134
630,2019-02-15,黄蜂,18,18,31,22,89
631,2019-02-15,魔術,33,38,27,29,127
632,2019-02-15,尼克,28,26,28,24,106
633,2019-02-15,老鷹,13,38,22,18,91
634,2019-02-15,雷霆,31,32,26,33,122
635,2019-02-15,鵜鶘,31,35,35,30,131
636,2019-02-16,World,30,41,46,27,144
637,2019-02-16,USA,40,43,40,38,161
638,2019-02-18,LeBron,37,45,50,46,178
639,2019-02-18,Giannis,53,42,36,33,164
640,2019-02-22,太陽,28,23,21,26,98
641,2019-02-22,騎士,23,32,22,34,111
642,2019-02-22,熱火,21,29,25,27,102
643,2019-02-22,76人,29,28,16,33,106
644,2019-02-22,拓荒者,23,27,34,29,113
645,2019-02-22,籃網,21,29,22,27,99
646,2019-02-22,塞爾蒂克,22,25,21,29,97
647,2019-02-22,公鹿,20,33,19,26,98
648,2019-02-22,國王,30,32,29,32,123
649,2019-02-22,勇士,35,25,29,36,125
650,2019-02-22,火箭,32,26,32,16,106
651,2019-02-22,湖人,22,30,31,28,111
652,2019-02-23,巫師,38,22,27,23,110
653,2019-02-23,黄蜂,27,38,31,27,123
654,2019-02-23,鵜鶘,35,36,23,17,111
655,2019-02-23,溜馬,24,34,39,29,126
656,2019-02-23,公牛,24,27,38,21,110
657,2019-02-23,魔術,26,27,29,27,109
658,2019-02-23,馬刺,23,33,35,26,117
659,2019-02-23,暴龍,26,29,33,32,120
660,2019-02-23,活塞,33,35,32,25,125
661,2019-02-23,老鷹,34,36,25,27,122
662,2019-02-23,灰狼,29,37,28,21,115
663,2019-02-23,尼克,33,25,25,21,104
664,2019-02-23,快艇,36,29,18,29,112
665,2019-02-23,灰熊,23,30,33,20,106
666,2019-02-23,金塊,25,27,39,23,114
667,2019-02-23,獨行俠,30,21,23,30,104
668,2019-02-23,爵士,34,23,38,34,147
669,2019-02-23,雷霆,35,31,27,36,148
670,2019-02-24,拓荒者,27,32,41,30,130
671,2019-02-24,76人,25,31,26,33,115
672,2019-02-24,太陽,33,26,28,25,112
673,2019-02-24,老鷹,33,30,23,34,120
674,2019-02-24,籃網,34,29,27,27,117
675,2019-02-24,黄蜂,20,30,34,31,115
676,2019-02-24,灰熊,24,32,28,23,107
677,2019-02-24,騎士,37,26,19,30,112
678,2019-02-24,溜馬,29,36,24,30,119
679,2019-02-24,巫師,21,29,30,32,112
680,2019-02-24,湖人,35,22,27,31,115
681,2019-02-24,鵜鶘,42,27,31,28,128
682,2019-02-24,活塞,20,34,30,35,119
683,2019-02-24,熱火,29,17,30,20,96
684,2019-02-24,塞爾蒂克,33,18,30,35,116
685,2019-02-24,公牛,28,36,30,32,126
686,2019-02-24,國王,31,32,31,25,119
687,2019-02-24,雷霆,24,25,34,33,116
688,2019-02-24,灰狼,32,38,39,19,128
689,2019-02-24,公鹿,35,34,38,33,140
690,2019-02-24,火箭,35,26,31,26,118
691,2019-02-24,勇士,20,34,32,26,112
692,2019-02-24,獨行俠,25,33,20,31,109
693,2019-02-24,爵士,31,30,25,39,125
694,2019-02-25,魔術,25,28,27,33,113
695,2019-02-25,暴龍,15,35,21,27,98
696,2019-02-25,快艇,27,29,21,19,96
697,2019-02-25,金塊,34,30,33,26,123
698,2019-02-25,馬刺,26,27,30,35,118
699,2019-02-25,尼克,30,32,32,36,130
700,2019-02-26,勇士,34,34,30,23,121
701,2019-02-26,黄蜂,30,30,28,22,110
702,2019-02-26,拓荒者,29,42,17,35,123
703,2019-02-26,騎士,18,30,36,26,110
704,2019-02-26,溜馬,20,31,26,32,109
705,2019-02-26,活塞,36,19,29,29,113
706,2019-02-26,馬刺,20,18,21,26,85
707,2019-02-26,籃網,28,24,29,20,101
708,2019-02-26,太陽,23,29,32,40,124
709,2019-02-26,熱火,29,34,24,34,121
710,2019-02-26,公鹿,25,38,27,27,117
711,2019-02-26,公牛,38,16,26,26,106
712,2019-02-26,老鷹,28,32,25,26,111
713,2019-02-26,火箭,39,21,35,24,119
714,2019-02-26,湖人,31,25,25,24,105
715,2019-02-26,灰熊,34,27,26,23,110
716,2019-02-26,國王,30,23,27,25,105
717,2019-02-26,灰狼,19,44,30,19,112
718,2019-02-26,76人,31,34,28,18,111
719,2019-02-26,鵜鶘,24,28,31,27,110
720,2019-02-26,獨行俠,22,35,31,24,112
721,2019-02-26,快艇,29,34,28,30,121
722,2019-02-27,魔術,34,27,29,13,103
723,2019-02-27,尼克,20,36,22,30,108
724,2019-02-27,塞爾蒂克,32,13,23,27,95
725,2019-02-27,暴龍,30,36,29,23,118
726,2019-02-27,雷霆,26,25,27,34,112
727,2019-02-27,金塊,29,35,27,30,121
728,2019-02-28,火箭,41,21,28,28,118
729,2019-02-28,黄蜂,33,36,25,19,113
730,2019-02-28,灰狼,40,28,27,23,123
731,2019-02-28,老鷹,33,27,26,32,131
732,2019-02-28,巫師,34,34,33,24,125
733,2019-02-28,籃網,28,32,19,37,116
734,2019-02-28,勇士,22,37,33,33,125
735,2019-02-28,熱火,32,42,26,26,126
736,2019-02-28,拓荒者,25,18,31,23,97
737,2019-02-28,塞爾蒂克,24,18,22,28,92
738,2019-02-28,公牛,20,26,29,34,109
739,2019-02-28,灰熊,20,26,28,33,107
740,2019-02-28,活塞,27,21,19,26,93
741,2019-02-28,馬刺,32,19,27,27,105
742,2019-02-28,溜馬,27,26,25,23,101
743,2019-02-28,獨行俠,28,25,26,31,110
744,2019-02-28,快艇,33,23,27,22,105
745,2019-02-28,爵士,26,23,34,28,111
746,2019-02-28,公鹿,34,39,31,22,141
747,2019-02-28,國王,33,29,29,35,140
748,2019-02-28,鵜鶘,28,29,35,27,119
749,2019-02-28,湖人,35,28,32,30,125
750,2019-03-01,灰狼,35,25,30,25,115
751,2019-03-01,溜馬,26,38,28,30,122
752,2019-03-01,勇士,22,29,30,15,96
753,2019-03-01,魔術,28,31,11,33,103
754,2019-03-01,騎士,27,30,28,40,125
755,2019-03-01,尼克,31,28,38,21,118
756,2019-03-01,熱火,32,37,29,20,118
757,2019-03-01,火箭,33,22,31,35,121
758,2019-03-01,76人,37,23,26,22,108
759,2019-03-01,雷霆,26,23,30,25,104
760,2019-03-01,爵士,19,33,29,30,111
761,2019-03-01,金塊,22,15,33,34,104
762,2019-03-02,公牛,26,31,38,29,168
763,2019-03-02,老鷹,33,27,24,40,161
764,2019-03-02,黄蜂,31,37,30,25,123
765,2019-03-02,籃網,32,18,36,26,112
766,2019-03-02,拓荒者,24,30,30,33,117
767,2019-03-02,暴龍,31,30,32,26,119
768,2019-03-02,巫師,20,25,36,15,96
769,2019-03-02,塞爾蒂克,30,19,33,25,107
770,2019-03-02,鵜鶘,27,29,38,36,130
771,2019-03-02,太陽,32,25,27,32,116
772,2019-03-02,快艇,26,26,35,29,116
773,2019-03-02,國王,23,33,26,27,109
774,2019-03-02,公鹿,27,32,34,38,131
775,2019-03-02,湖人,26,39,29,26,120
776,2019-03-03,活塞,42,29,29,29,129
777,2019-03-03,騎士,23,15,34,21,93
778,2019-03-03,魔術,27,28,28,34,117
779,2019-03-03,溜馬,27,33,27,25,112
780,2019-03-03,籃網,23,21,20,24,88
781,2019-03-03,熱火,28,26,30,33,117
782,2019-03-03,勇士,31,24,38,27,120
783,2019-03-03,76人,32,35,23,27,117
784,2019-03-03,灰熊,33,29,28,21,111
785,2019-03-03,獨行俠,21,28,18,14,81
786,2019-03-03,雷霆,25,38,15,24,102
787,2019-03-03,馬刺,38,34,20,24,116
788,2019-03-03,鵜鶘,27,40,29,24,120
789,2019-03-03,金塊,39,32,22,19,112
790,2019-03-03,湖人,26,33,19,31,109
791,2019-03-03,太陽,33,33,29,23,118
792,2019-03-03,公鹿,26,20,32,33,111
793,2019-03-03,爵士,23,30,20,42,115
794,2019-03-04,拓荒者,32,24,25,37,118
795,2019-03-04,黄蜂,25,25,30,28,108
796,2019-03-04,火箭,33,32,35,15,115
797,2019-03-04,塞爾蒂克,23,20,35,26,104
798,2019-03-04,老鷹,35,32,29,27,123
799,2019-03-04,公牛,32,28,31,27,118
800,2019-03-04,尼克,20,26,32,29,107
801,2019-03-04,快艇,38,44,19,27,128
802,2019-03-04,魔術,24,24,24,21,93
803,2019-03-04,騎士,29,23,15,40,107
804,2019-03-04,暴龍,19,26,33,22,107
805,2019-03-04,活塞,24,24,25,27,112
806,2019-03-04,灰狼,36,28,23,34,121
807,2019-03-04,巫師,40,22,35,38,135
808,2019-03-04,灰熊,28,24,23,20,95
809,2019-03-04,雷霆,25,21,21,32,99
810,2019-03-05,獨行俠,21,26,26,15,88
811,2019-03-05,籃網,31,34,34,28,127
812,2019-03-05,老鷹,31,30,24,28,113
813,2019-03-05,熱火,32,29,24,29,114
814,2019-03-05,金塊,17,31,21,34,103
815,2019-03-05,馬刺,36,22,27,19,104
816,2019-03-05,公鹿,31,23,28,23,105
817,2019-03-05,太陽,20,32,24,38,114
818,2019-03-05,鵜鶘,24,28,30,33,115
819,2019-03-05,爵士,33,28,27,24,112
820,2019-03-05,尼克,25,26,29,28,108
821,2019-03-05,國王,34,21,31,29,115
822,2019-03-05,快艇,26,35,30,22,113
823,2019-03-05,湖人,34,23,28,20,105
824,2019-03-06,公牛,17,25,33,21,96
825,2019-03-06,溜馬,27,22,28,28,105
826,2019-03-06,魔術,34,30,18,24,106
827,2019-03-06,76人,39,31,24,20,114
828,2019-03-06,火箭,23,32,14,38,107
829,2019-03-06,暴龍,19,18,34,24,95
830,2019-03-06,拓荒者,33,30,23,25,111
831,2019-03-06,灰熊,20,41,21,38,120
832,2019-03-06,雷霆,24,33,30,33,120
833,2019-03-06,灰狼,30,41,31,29,131
834,2019-03-06,塞爾蒂克,32,41,32,23,128
835,2019-03-06,勇士,24,24,28,19,95
836,2019-03-07,熱火,29,14,18,30,91
837,2019-03-07,黄蜂,18,25,15,26,84
838,2019-03-07,灰狼,35,29,24,26,114
839,2019-03-07,活塞,22,38,30,41,131
840,2019-03-07,獨行俠,43,22,31,27,123
841,2019-03-07,巫師,33,36,30,33,132
842,2019-03-07,馬刺,27,26,27,31,111
843,2019-03-07,老鷹,23,33,21,27,104
844,2019-03-07,騎士,20,30,35,22,107
845,2019-03-07,籃網,31,24,25,33,113
846,2019-03-07,76人,30,27,29,21,107
847,2019-03-07,公牛,30,27,25,26,108
848,2019-03-07,爵士,25,33,27,29,114
849,2019-03-07,鵜鶘,23,24,29,28,104
850,2019-03-07,尼克,22,25,17,32,96
851,2019-03-07,太陽,16,33,32,26,107
852,2019-03-07,塞爾蒂克,26,23,33,29,111
853,2019-03-07,國王,32,17,28,32,109
854,2019-03-07,金塊,43,23,19,30,115
855,2019-03-07,湖人,25,24,28,22,99
856,2019-03-08,溜馬,24,26,22,26,98
857,2019-03-08,公鹿,32,22,30,33,117
858,2019-03-08,雷霆,31,27,27,28,129
859,2019-03-08,拓荒者,30,31,22,30,121
860,2019-03-09,巫師,22,30,31,28,111
861,2019-03-09,黄蜂,32,19,31,30,112
862,2019-03-09,獨行俠,19,28,26,33,106
863,2019-03-09,魔術,29,33,30,19,111
864,2019-03-09,騎士,29,28,26,27,110
865,2019-03-09,熱火,28,29,37,32,126
866,2019-03-09,活塞,24,25,20,43,112
867,2019-03-09,公牛,30,36,14,24,104
868,2019-03-09,76人,21,23,21,26,91
869,2019-03-09,火箭,37,22,28,20,107
870,2019-03-09,爵士,23,30,26,25,104
871,2019-03-09,灰熊,29,31,24,30,114
872,2019-03-09,暴龍,29,35,29,34,127
873,2019-03-09,鵜鶘,31,30,19,24,104
874,2019-03-09,金塊,20,30,25,30,105
875,2019-03-09,勇士,30,37,23,32,122
876,2019-03-09,雷霆,32,24,28,26,110
877,2019-03-09,快艇,36,32,20,30,118
878,2019-03-10,國王,23,25,32,22,102
879,2019-03-10,尼克,30,16,22,26,94
880,2019-03-10,籃網,26,30,27,31,114
881,2019-03-10,老鷹,23,24,30,35,112
882,2019-03-10,巫師,39,32,28,22,130
883,2019-03-10,灰狼,28,32,35,26,135
884,2019-03-10,塞爾蒂克,25,32,36,27,120
885,2019-03-10,湖人,24,23,29,31,107
886,2019-03-10,黄蜂,32,27,28,27,114
887,2019-03-10,公鹿,24,31,39,37,131
888,2019-03-10,太陽,23,24,30,43,120
889,2019-03-10,拓荒者,24,42,36,25,127
890,2019-03-10,公牛,32,23,25,28,108
891,2019-03-10,活塞,31,30,42,28,131
892,2019-03-11,暴龍,32,36,23,34,125
893,2019-03-11,熱火,27,27,25,25,104
894,2019-03-11,溜馬,25,34,11,19,89
895,2019-03-11,76人,26,25,21,34,106
896,2019-03-11,鵜鶘,33,33,20,30,116
897,2019-03-11,老鷹,26,39,29,34,128
898,2019-03-11,魔術,17,31,24,25,97
899,2019-03-11,灰熊,26,23,26,30,105
900,2019-03-11,火箭,25,33,23,13,94
901,2019-03-11,獨行俠,26,28,18,21,93
902,2019-03-11,尼克,22,23,20,27,92
903,2019-03-11,灰狼,23,32,25,23,103
904,2019-03-11,公鹿,32,28,23,31,114
905,2019-03-11,馬刺,25,29,33,34,121
906,2019-03-11,太陽,16,40,23,36,115
907,2019-03-11,勇士,29,28,23,31,111
908,2019-03-12,暴龍,24,31,22,24,101
909,2019-03-12,騎士,25,34,32,35,126
910,2019-03-12,國王,20,40,21,34,115
911,2019-03-12,巫師,28,31,31,31,121
912,2019-03-12,活塞,19,16,27,13,75
913,2019-03-12,籃網,27,34,27,15,103
914,2019-03-12,黄蜂,19,25,36,26,106
915,2019-03-12,火箭,38,33,22,25,118
916,2019-03-12,雷霆,22,28,27,21,98
917,2019-03-12,爵士,21,16,26,26,89
918,2019-03-12,塞爾蒂克,19,30,36,30,115
919,2019-03-12,快艇,25,37,39,39,140
920,2019-03-13,尼克,29,23,21,25,98
921,2019-03-13,溜馬,27,28,30,18,103
922,2019-03-13,騎士,12,35,30,22,99
923,2019-03-13,76人,24,29,28,25,106
924,2019-03-13,湖人,16,39,43,25,123
925,2019-03-13,公牛,34,26,24,23,107
926,2019-03-13,公鹿,23,33,45,29,130
927,2019-03-13,鵜鶘,23,25,41,24,113
928,2019-03-13,馬刺,34,26,24,28,112
929,2019-03-13,獨行俠,24,29,21,31,105
930,2019-03-13,灰狼,20,28,30,29,107
931,2019-03-13,金塊,31,27,36,39,133
932,2019-03-13,拓荒者,23,27,35,40,125
933,2019-03-13,快艇,30,22,32,20,104
934,2019-03-14,魔術,28,25,21,16,90
935,2019-03-14,巫師,29,32,15,24,100
936,2019-03-14,籃網,27,25,26,18,96
937,2019-03-14,雷霆,19,23,38,28,108
938,2019-03-14,活塞,18,31,8,17,74
939,2019-03-14,熱火,30,24,33,21,108
940,2019-03-14,灰熊,28,32,30,21,111
941,2019-03-14,老鷹,33,39,38,22,132
942,2019-03-14,勇士,33,21,31,21,106
943,2019-03-14,火箭,23,29,26,26,104
944,2019-03-14,爵士,25,28,25,36,114
945,2019-03-14,太陽,27,16,32,22,97
946,2019-03-15,雷霆,29,34,25,18,106
947,2019-03-15,溜馬,22,28,31,27,108
948,2019-03-15,騎士,20,21,22,28,91
949,2019-03-15,魔術,36,25,27,32,120
950,2019-03-15,國王,38,24,29,29,120
951,2019-03-15,塞爾蒂克,25,31,37,33,126
952,2019-03-15,湖人,25,29,30,14,98
953,2019-03-15,暴龍,33,32,25,21,111
954,2019-03-15,灰狼,25,30,26,19,100
955,2019-03-15,爵士,34,30,27,29,120
956,2019-03-15,獨行俠,29,28,32,10,99
957,2019-03-15,金塊,26,25,28,21,100
958,2019-03-16,湖人,22,18,22,35,97
959,2019-03-16,活塞,27,19,31,34,111
960,2019-03-16,國王,29,29,31,25,114
961,2019-03-16,76人,33,29,37,24,123
962,2019-03-16,黄蜂,40,26,29,21,116
963,2019-03-16,巫師,26,27,25,32,110
964,2019-03-16,公鹿,19,23,37,34,113
965,2019-03-16,熱火,37,25,18,18,98
966,2019-03-16,太陽,31,26,28,17,102
967,2019-03-16,火箭,26,29,28,25,108
968,2019-03-16,拓荒者,30,26,31,35,122
969,2019-03-16,鵜鶘,37,20,25,28,110
970,2019-03-16,尼克,20,21,28,14,83
971,2019-03-16,馬刺,31,25,26,27,109
972,2019-03-16,公牛,34,29,21,37,121
973,2019-03-16,快艇,29,28,45,26,128
974,2019-03-17,老鷹,36,26,30,28,120
975,2019-03-17,塞爾蒂克,43,31,31,24,129
976,2019-03-17,灰熊,37,34,32,25,128
977,2019-03-17,巫師,35,34,36,30,135
978,2019-03-17,太陽,34,32,23,33,138
979,2019-03-17,鵜鶘,31,29,25,37,136
980,2019-03-17,騎士,26,31,31,28,116
981,2019-03-17,獨行俠,34,32,34,21,121
982,2019-03-17,勇士,40,24,23,23,110
983,2019-03-17,雷霆,27,19,25,17,88
984,2019-03-17,拓荒者,21,29,26,27,103
985,2019-03-17,馬刺,23,25,24,36,108
986,2019-03-17,溜馬,36,24,15,25,100
987,2019-03-17,金塊,25,32,22,23,102
988,2019-03-17,籃網,21,21,22,34,98
989,2019-03-17,爵士,28,31,24,31,114
990,2019-03-18,湖人,30,36,30,27,123
991,2019-03-18,尼克,41,22,31,30,124
992,2019-03-18,黄蜂,20,19,21,15,75
993,2019-03-18,熱火,19,20,22,32,93
994,2019-03-18,76人,31,31,27,41,130
995,2019-03-18,公鹿,28,25,29,43,125
996,2019-03-18,暴龍,21,26,37,23,107
997,2019-03-18,活塞,25,25,28,32,110
998,2019-03-18,老鷹,25,21,22,23,91
999,2019-03-18,魔術,28,28,19,26,101
1000,2019-03-18,公牛,23,17,31,31,102
1001,2019-03-18,國王,24,32,43,30,129
1002,2019-03-18,灰狼,30,19,29,24,102
1003,2019-03-18,火箭,26,24,43,24,117
1004,2019-03-18,籃網,30,25,32,29,116
1005,2019-03-18,快艇,23,37,27,32,119
1006,2019-03-19,活塞,32,29,27,31,119
1007,2019-03-19,騎士,25,35,27,39,126
1008,2019-03-19,爵士,31,26,34,25,116
1009,2019-03-19,巫師,24,21,26,24,95
1010,2019-03-19,金塊,24,31,25,34,114
1011,2019-03-19,塞爾蒂克,22,30,28,25,105
1012,2019-03-19,尼克,29,25,15,23,92
1013,2019-03-19,暴龍,38,35,28,27,128
1014,2019-03-19,熱火,27,31,28,30,116
1015,2019-03-19,雷霆,25,30,20,32,107
1016,2019-03-19,勇士,25,22,31,27,105
1017,2019-03-19,馬刺,25,33,24,29,111
1018,2019-03-19,鵜鶘,28,21,35,26,129
1019,2019-03-19,獨行俠,34,25,20,31,125
1020,2019-03-19,公牛,34,22,30,30,116
1021,2019-03-19,太陽,20,23,30,28,101
1022,2019-03-19,溜馬,31,17,24,26,98
1023,2019-03-19,拓荒者,28,27,33,18,106
1024,2019-03-20,76人,31,31,23,33,118
1025,2019-03-20,黄蜂,30,29,30,25,114
1026,2019-03-20,火箭,25,28,31,37,121
1027,2019-03-20,老鷹,25,22,25,33,105
1028,2019-03-20,湖人,24,34,26,17,101
1029,2019-03-20,公鹿,35,26,38,16,115
1030,2019-03-20,勇士,30,29,32,26,117
1031,2019-03-20,灰狼,27,20,28,32,107
1032,2019-03-20,籃網,25,33,20,45,123
1033,2019-03-20,國王,38,28,37,18,121
1034,2019-03-20,溜馬,16,33,26,34,109
1035,2019-03-20,快艇,25,30,34,26,115
1036,2019-03-21,公鹿,24,23,34,21,102
1037,2019-03-21,騎士,30,28,23,26,107
1038,2019-03-21,鵜鶘,25,21,21,29,96
1039,2019-03-21,魔術,39,29,30,21,119
1040,2019-03-21,塞爾蒂克,39,30,21,25,115
1041,2019-03-21,76人,30,28,27,33,118
1042,2019-03-21,爵士,39,35,37,26,137
1043,2019-03-21,尼克,25,22,32,37,116
1044,2019-03-21,巫師,28,32,21,32,120
1045,2019-03-21,公牛,35,25,25,28,126
1046,2019-03-21,火箭,25,28,25,37,125
1047,2019-03-21,灰熊,38,25,34,18,126
1048,2019-03-21,熱火,24,38,28,20,110
1049,2019-03-21,馬刺,22,25,31,27,105
1050,2019-03-21,暴龍,39,24,29,18,123
1051,2019-03-21,雷霆,31,24,23,32,114
1052,2019-03-21,獨行俠,17,35,31,35,118
1053,2019-03-21,拓荒者,26,39,36,25,126
1054,2019-03-22,灰狼,25,26,27,28,106
1055,2019-03-22,黄蜂,25,29,27,32,113
1056,2019-03-22,金塊,33,28,24,28,113
1057,2019-03-22,巫師,30,23,32,23,108
1058,2019-03-22,爵士,28,26,37,23,114
1059,2019-03-22,老鷹,29,36,21,31,117
1060,2019-03-22,活塞,29,29,29,31,118
1061,2019-03-22,太陽,32,28,20,18,98
1062,2019-03-22,獨行俠,29,22,25,24,100
1063,2019-03-22,國王,27,26,31,32,116
1064,2019-03-22,溜馬,19,24,19,27,89
1065,2019-03-22,勇士,19,34,35,24,112
1066,2019-03-23,灰熊,33,31,31,15,119
1067,2019-03-23,魔術,23,35,23,29,123
1068,2019-03-23,快艇,25,33,34,18,110
1069,2019-03-23,騎士,40,20,23,25,108
1070,2019-03-23,金塊,37,19,26,29,111
1071,2019-03-23,尼克,18,24,20,31,93
1072,2019-03-23,雷霆,22,26,35,33,116
1073,2019-03-23,暴龍,29,29,22,29,109
1074,2019-03-23,馬刺,24,23,34,24,105
1075,2019-03-23,火箭,36,26,19,30,111
1076,2019-03-23,熱火,32,19,18,18,87
1077,2019-03-23,公鹿,33,30,31,22,116
1078,2019-03-23,籃網,20,24,34,33,111
1079,2019-03-23,湖人,23,20,30,33,106
1080,2019-03-24,塞爾蒂克,35,29,34,19,117
1081,2019-03-24,黄蜂,29,34,26,35,124
1082,2019-03-24,熱火,25,27,26,35,113
1083,2019-03-24,巫師,27,26,26,29,108
1084,2019-03-24,76人,41,27,32,27,127
1085,2019-03-24,老鷹,34,40,26,29,129
1086,2019-03-24,爵士,33,37,21,23,114
1087,2019-03-24,公牛,18,18,25,22,83
1088,2019-03-24,灰狼,25,24,35,28,112
1089,2019-03-24,灰熊,25,25,18,31,99
1090,2019-03-24,獨行俠,37,37,34,18,126
1091,2019-03-24,勇士,22,24,24,21,91
1092,2019-03-24,活塞,28,28,36,20,112
1093,2019-03-24,拓荒者,32,27,30,28,117
1094,2019-03-24,太陽,32,21,22,28,103
1095,2019-03-24,國王,19,28,32,33,112
1096,2019-03-25,快艇,29,31,29,35,124
1097,2019-03-25,尼克,24,35,25,29,113
1098,2019-03-25,騎士,27,28,22,28,105
1099,2019-03-25,公鹿,32,36,22,37,127
1100,2019-03-25,金塊,23,23,21,21,88
1101,2019-03-25,溜馬,27,35,30,32,124
1102,2019-03-25,黄蜂,27,31,37,20,115
1103,2019-03-25,暴龍,32,25,26,31,114
1104,2019-03-25,火箭,33,30,24,26,113
1105,2019-03-25,鵜鶘,19,25,25,21,90
1106,2019-03-25,馬刺,31,23,30,31,115
1107,2019-03-25,塞爾蒂克,24,23,25,24,96
1108,2019-03-25,活塞,28,21,28,37,114
1109,2019-03-25,勇士,29,34,34,24,121
1110,2019-03-25,國王,20,29,28,29,106
1111,2019-03-25,湖人,22,26,39,24,111
1112,2019-03-26,76人,31,29,17,21,98
1113,2019-03-26,魔術,31,26,32,30,119
1114,2019-03-26,雷霆,23,25,30,25,103
1115,2019-03-26,灰熊,31,23,32,29,115
1116,2019-03-26,太陽,21,22,31,18,92
1117,2019-03-26,爵士,26,36,26,37,125
1118,2019-03-26,籃網,27,35,28,30,144
1119,2019-03-26,拓荒者,31,31,33,25,148
1120,2019-03-27,馬刺,23,36,21,26,116
1121,2019-03-27,黄蜂,29,26,27,24,125
1122,2019-03-27,塞爾蒂克,32,25,31,28,116
1123,2019-03-27,騎士,27,24,30,25,106
1124,2019-03-27,魔術,18,24,34,28,104
1125,2019-03-27,熱火,32,19,19,29,99
1126,2019-03-27,公牛,18,23,31,31,103
1127,2019-03-27,暴龍,26,30,29,27,112
1128,2019-03-27,火箭,25,28,18,23,94
1129,2019-03-27,公鹿,20,38,32,18,108
1130,2019-03-27,快艇,42,33,25,22,122
1131,2019-03-27,灰狼,23,32,30,26,111
1132,2019-03-27,老鷹,42,28,32,28,130
1133,2019-03-27,鵜鶘,34,23,30,33,120
1134,2019-03-27,國王,25,29,33,38,125
1135,2019-03-27,獨行俠,23,33,33,32,121
1136,2019-03-27,活塞,9,30,23,30,92
1137,2019-03-27,金塊,27,39,15,14,95
1138,2019-03-27,巫師,29,27,27,23,106
1139,2019-03-27,湖人,34,33,30,27,124
1140,2019-03-28,拓荒者,27,32,28,31,118
1141,2019-03-28,公牛,14,27,24,33,98
1142,2019-03-28,勇士,31,35,23,29,118
1143,2019-03-28,灰熊,37,23,24,19,103
1144,2019-03-28,溜馬,27,27,15,30,99
1145,2019-03-28,雷霆,29,16,31,31,107
1146,2019-03-28,巫師,27,32,30,35,124
1147,2019-03-28,太陽,30,29,31,31,121
1148,2019-03-28,湖人,25,28,18,29,100
1149,2019-03-28,爵士,32,28,27,28,115
1150,2019-03-29,魔術,27,19,25,27,98
1151,2019-03-29,活塞,30,30,34,21,115
1152,2019-03-29,籃網,23,35,24,28,110
1153,2019-03-29,76人,38,30,30,25,123
1154,2019-03-29,獨行俠,29,30,23,17,99
1155,2019-03-29,熱火,26,23,26,30,105
1156,2019-03-29,暴龍,30,25,32,30,117
1157,2019-03-29,尼克,18,18,28,28,92
1158,2019-03-29,金塊,25,19,21,20,85
1159,2019-03-29,火箭,22,40,25,25,112
1160,2019-03-29,快艇,25,21,31,41,118
1161,2019-03-29,公鹿,28,39,33,28,128
1162,2019-03-29,國王,26,36,26,30,118
1163,2019-03-29,鵜鶘,30,34,29,28,121
1164,2019-03-29,騎士,28,25,28,29,110
1165,2019-03-29,馬刺,27,17,40,32,116
1166,2019-03-30,溜馬,25,35,31,21,112
1167,2019-03-30,塞爾蒂克,35,28,26,25,114
1168,2019-03-30,拓荒者,38,22,30,28,118
1169,2019-03-30,老鷹,30,21,25,22,98
1170,2019-03-30,勇士,32,36,18,29,130
1171,2019-03-30,灰狼,27,27,32,29,131
1172,2019-03-30,金塊,33,23,30,29,115
1173,2019-03-30,雷霆,29,23,23,30,105
1174,2019-03-30,巫師,30,32,28,34,124
1175,2019-03-30,爵士,39,31,22,36,128
1176,2019-03-30,黄蜂,35,24,32,24,115
1177,2019-03-30,湖人,33,36,32,28,129
1178,2019-03-31,騎士,29,23,31,25,108
1179,2019-03-31,快艇,29,36,28,39,132
1180,2019-03-31,塞爾蒂克,21,27,22,26,96
1181,2019-03-31,籃網,17,32,33,28,110
1182,2019-03-31,國王,32,28,33,15,108
1183,2019-03-31,火箭,35,28,28,28,119
1184,2019-03-31,拓荒者,14,20,25,31,90
1185,2019-03-31,活塞,11,20,35,33,99
1186,2019-03-31,魔術,32,24,34,31,121
1187,2019-03-31,溜馬,28,29,35,24,116
1188,2019-03-31,熱火,29,26,24,21,100
1189,2019-03-31,尼克,33,28,18,13,92
1190,2019-03-31,暴龍,26,41,26,31,124
1191,2019-03-31,公牛,28,28,19,26,101
1192,2019-03-31,76人,38,30,24,26,118
1193,2019-03-31,灰狼,20,35,26,28,109
1194,2019-03-31,灰熊,23,31,34,32,120
1195,2019-03-31,太陽,38,24,30,23,115
1196,2019-04-01,公鹿,43,28,26,25,135
1197,2019-04-01,老鷹,26,42,30,24,136
1198,2019-04-01,獨行俠,31,27,22,26,106
1199,2019-04-01,雷霆,24,32,19,28,103
1200,2019-04-01,湖人,26,35,44,25,130
1201,2019-04-01,鵜鶘,26,36,22,18,102
1202,2019-04-01,國王,28,30,31,24,113
1203,2019-04-01,馬刺,30,27,30,19,106
1204,2019-04-01,巫師,23,30,22,20,95
1205,2019-04-01,金塊,34,28,10,18,90
1206,2019-04-01,黄蜂,27,22,23,18,90
1207,2019-04-01,勇士,35,36,34,32,137
1208,2019-04-01,灰熊,19,27,22,28,96
1209,2019-04-01,快艇,25,36,26,26,113
1210,2019-04-02,活塞,33,22,25,22,102
1211,2019-04-02,溜馬,23,36,28,24,111
1212,2019-04-02,熱火,17,30,30,28,105
1213,2019-04-02,塞爾蒂克,36,25,27,22,110
1214,2019-04-02,公鹿,35,24,32,40,131
1215,2019-04-02,籃網,20,34,35,32,121
1216,2019-04-02,公牛,19,28,30,28,105
1217,2019-04-02,尼克,37,27,27,22,113
1218,2019-04-02,魔術,36,16,23,34,109
1219,2019-04-02,暴龍,29,33,33,26,121
1220,2019-04-02,拓荒者,38,37,22,35,132
1221,2019-04-02,灰狼,23,41,36,22,122
1222,2019-04-02,76人,32,18,27,25,102
1223,2019-04-02,獨行俠,27,41,29,25,122
1224,2019-04-02,黄蜂,23,16,25,38,102
1225,2019-04-02,爵士,26,26,27,32,111
1226,2019-04-02,騎士,23,29,32,29,113
1227,2019-04-02,太陽,31,40,20,31,122
1228,2019-04-03,湖人,28,27,23,25,103
1229,2019-04-03,雷霆,34,25,35,25,119
1230,2019-04-03,老鷹,31,25,34,21,111
1231,2019-04-03,馬刺,33,25,28,31,117
1232,2019-04-03,火箭,33,29,29,39,130
1233,2019-04-03,國王,23,23,31,28,105
1234,2019-04-03,金塊,24,19,21,38,102
1235,2019-04-03,勇士,30,29,27,30,116
1236,2019-04-04,溜馬,18,26,34,30,108
1237,2019-04-04,活塞,15,21,26,27,89
1238,2019-04-04,尼克,26,19,29,26,100
1239,2019-04-04,魔術,26,32,27,29,114
1240,2019-04-04,公牛,26,30,27,32,115
1241,2019-04-04,巫師,28,29,30,27,114
1242,2019-04-04,76人,38,30,26,28,122
1243,2019-04-04,老鷹,42,30,26,32,130
1244,2019-04-04,暴龍,34,23,33,25,115
1245,2019-04-04,籃網,22,28,28,27,105
1246,2019-04-04,塞爾蒂克,29,24,30,29,112
1247,2019-04-04,熱火,31,18,32,21,102
1248,2019-04-04,黄蜂,24,35,24,32,115
1249,2019-04-04,鵜鶘,21,34,23,31,109
1250,2019-04-04,灰狼,32,26,31,21,110
1251,2019-04-04,獨行俠,27,31,21,29,108
1252,2019-04-04,馬刺,24,19,21,21,85
1253,2019-04-04,金塊,28,33,25,27,113
1254,2019-04-04,爵士,25,31,28,34,118
1255,2019-04-04,太陽,31,22,23,21,97
1256,2019-04-04,灰熊,30,29,10,20,89
1257,2019-04-04,拓荒者,28,34,24,30,116
1258,2019-04-04,火箭,39,29,34,33,135
1259,2019-04-04,快艇,26,27,20,30,103
1260,2019-04-05,公鹿,30,26,26,46,128
1261,2019-04-05,76人,26,32,28,36,122
1262,2019-04-05,騎士,22,29,33,20,104
1263,2019-04-05,國王,29,28,36,24,117
1264,2019-04-05,勇士,39,21,34,14,108
1265,2019-04-05,湖人,12,30,24,24,90
1266,2019-04-06,暴龍,34,31,21,25,111
1267,2019-04-06,黄蜂,33,24,33,23,113
1268,2019-04-06,老鷹,18,30,32,33,113
1269,2019-04-06,魔術,42,39,32,36,149
1270,2019-04-06,馬刺,37,40,28,24,129
1271,2019-04-06,巫師,32,26,30,24,112
1272,2019-04-06,塞爾蒂克,24,34,33,26,117
1273,2019-04-06,溜馬,27,20,27,23,97
1274,2019-04-06,尼克,16,27,21,32,96
1275,2019-04-06,火箭,32,40,31,17,120
1276,2019-04-06,熱火,35,34,22,18,109
1277,2019-04-06,灰狼,36,25,29,21,111
1278,2019-04-06,活塞,34,32,30,14,110
1279,2019-04-06,雷霆,30,35,32,26,123
1280,2019-04-06,灰熊,31,34,34,23,122
1281,2019-04-06,獨行俠,30,23,31,28,112
1282,2019-04-06,國王,20,24,26,28,98
1283,2019-04-06,爵士,35,35,26,23,119
1284,2019-04-06,鵜鶘,38,38,23,18,126
1285,2019-04-06,太陽,31,34,31,21,133
1286,2019-04-06,拓荒者,29,21,37,23,110
1287,2019-04-06,金塊,22,34,28,35,119
1288,2019-04-06,騎士,26,23,35,30,114
1289,2019-04-06,勇士,36,32,31,21,120
1290,2019-04-06,湖人,35,26,23,38,122
1291,2019-04-06,快艇,30,37,19,31,117
1292,2019-04-07,籃網,34,32,42,25,133
1293,2019-04-07,公鹿,26,39,31,32,128
1294,2019-04-07,76人,24,33,29,30,116
1295,2019-04-07,公牛,20,29,19,28,96
1296,2019-04-08,熱火,26,31,22,24,109
1297,2019-04-08,暴龍,25,25,28,25,117
1298,2019-04-08,馬刺,24,38,17,33,112
1299,2019-04-08,騎士,24,22,17,27,90
1300,2019-04-08,雷霆,38,24,33,37,132
1301,2019-04-08,灰狼,31,29,37,29,126
1302,2019-04-08,黄蜂,32,28,23,21,104
1303,2019-04-08,活塞,27,15,33,16,91
1304,2019-04-08,籃網,31,21,30,26,108
1305,2019-04-08,溜馬,25,19,25,27,96
1306,2019-04-08,獨行俠,24,28,31,29,129
1307,2019-04-08,灰熊,26,30,32,24,127
1308,2019-04-08,太陽,24,23,30,36,113
1309,2019-04-08,火箭,34,43,40,32,149
1310,2019-04-08,老鷹,21,24,27,35,107
1311,2019-04-08,公鹿,28,26,31,30,115
1312,2019-04-08,魔術,27,21,35,33,116
1313,2019-04-08,塞爾蒂克,27,25,26,30,108
1314,2019-04-08,巫師,23,33,33,21,110
1315,2019-04-08,尼克,29,23,27,34,113
1316,2019-04-08,快艇,28,27,18,31,104
1317,2019-04-08,勇士,32,30,42,27,131
1318,2019-04-08,金塊,25,24,32,27,108
1319,2019-04-08,拓荒者,29,31,26,29,115
1320,2019-04-08,鵜鶘,32,34,36,31,133
1321,2019-04-08,國王,39,29,34,27,129
1322,2019-04-08,爵士,27,32,24,26,109
1323,2019-04-08,湖人,34,20,27,32,113
1324,2019-04-10,黄蜂,33,31,26,34,124
1325,2019-04-10,騎士,31,25,19,22,97
1326,2019-04-10,灰熊,32,25,22,14,93
1327,2019-04-10,活塞,20,18,26,36,100
1328,2019-04-10,塞爾蒂克,25,38,26,27,116
1329,2019-04-10,巫師,39,25,31,15,110
1330,2019-04-10,76人,20,22,18,39,99
1331,2019-04-10,熱火,34,27,30,31,122
1332,2019-04-10,尼克,39,18,17,22,96
1333,2019-04-10,公牛,24,26,18,18,86
1334,2019-04-10,暴龍,26,43,29,22,120
1335,2019-04-10,灰狼,28,19,31,22,100
1336,2019-04-10,勇士,18,38,32,24,112
1337,2019-04-10,鵜鶘,19,37,23,24,103
1338,2019-04-10,太陽,18,20,41,30,109
1339,2019-04-10,獨行俠,33,35,30,22,120
1340,2019-04-10,金塊,21,38,27,22,108
1341,2019-04-10,爵士,27,33,31,27,118
1342,2019-04-10,火箭,32,28,33,18,111
1343,2019-04-10,雷霆,26,25,29,32,112
1344,2019-04-10,拓荒者,26,27,20,31,104
1345,2019-04-10,湖人,25,23,26,27,101
1346,2019-04-11,溜馬,35,38,36,26,135
1347,2019-04-11,老鷹,28,41,34,31,134
1348,2019-04-11,熱火,23,24,24,23,94
1349,2019-04-11,籃網,32,31,29,21,113
1350,2019-04-11,魔術,30,32,35,25,122
1351,2019-04-11,黄蜂,25,33,30,26,114
1352,2019-04-11,活塞,36,29,27,23,115
1353,2019-04-11,尼克,22,19,18,30,89
1354,2019-04-11,公牛,20,22,22,45,109
1355,2019-04-11,76人,32,30,35,28,125
1356,2019-04-11,勇士,41,27,22,27,117
1357,2019-04-11,灰熊,45,41,28,18,132
1358,2019-04-11,雷霆,29,39,30,29,127
1359,2019-04-11,公鹿,31,27,31,27,116
1360,2019-04-11,獨行俠,16,21,28,29,94
1361,2019-04-11,馬刺,30,27,23,25,105
1362,2019-04-11,灰狼,21,29,29,16,95
1363,2019-04-11,金塊,22,29,22,26,99
1364,2019-04-11,爵士,26,40,31,29,137
1365,2019-04-11,快艇,39,31,32,24,143
1366,2019-04-11,國王,39,48,26,18,131
1367,2019-04-11,拓荒者,30,32,36,38,136
1368,2019-04-14,籃網,31,31,31,18,111
1369,2019-04-14,76人,22,32,28,20,102
1370,2019-04-14,魔術,25,32,18,29,104
1371,2019-04-14,暴龍,30,19,27,25,101
1372,2019-04-14,快艇,27,29,23,25,104
1373,2019-04-14,勇士,36,33,29,23,121
1374,2019-04-14,馬刺,25,34,13,29,101
1375,2019-04-14,金塊,20,31,17,28,96
1376,2019-04-15,溜馬,20,25,8,21,74
1377,2019-04-15,塞爾蒂克,20,18,26,20,84
1378,2019-04-15,雷霆,25,23,21,30,99
1379,2019-04-15,拓荒者,39,15,22,28,104
1380,2019-04-15,活塞,18,25,18,25,86
1381,2019-04-15,公鹿,38,32,27,24,121
1382,2019-04-15,爵士,24,20,27,19,90
1383,2019-04-15,火箭,31,28,24,39,122
1384,2019-04-16,籃網,28,36,23,36,123
1385,2019-04-16,76人,34,31,51,29,145
1386,2019-04-16,快艇,25,25,44,41,135
1387,2019-04-16,勇士,33,40,35,23,131
1388,2019-04-17,魔術,18,21,27,16,82
1389,2019-04-17,暴龍,26,25,39,21,111
1390,2019-04-17,馬刺,26,33,23,23,105
1391,2019-04-17,金塊,21,28,26,39,114
1392,2019-04-17,雷霆,31,23,21,19,94
1393,2019-04-17,拓荒者,26,28,37,23,114
1394,2019-04-18,溜馬,33,17,29,12,91
1395,2019-04-18,塞爾蒂克,29,23,16,31,99
1396,2019-04-18,活塞,27,32,17,23,99
1397,2019-04-18,公鹿,38,20,35,27,120
1398,2019-04-18,爵士,19,25,23,31,98
1399,2019-04-18,火箭,39,31,25,23,118
1400,2019-04-19,76人,32,33,32,34,131
1401,2019-04-19,籃網,24,35,31,25,115
1402,2019-04-19,金塊,22,36,26,24,108
1403,2019-04-19,馬刺,31,30,27,30,118
1404,2019-04-19,勇士,41,32,36,23,132
1405,2019-04-19,快艇,24,28,24,29,105
1406,2019-04-20,暴龍,26,22,28,22,98
1407,2019-04-20,魔術,21,24,20,28,93
1408,2019-04-20,塞爾蒂克,41,18,21,24,104
1409,2019-04-20,溜馬,28,33,12,23,96
1410,2019-04-20,拓荒者,22,17,43,26,108
1411,2019-04-20,雷霆,21,28,37,34,120
1412,2019-04-21,76人,24,33,28,27,112
1413,2019-04-21,籃網,33,30,28,17,108
1414,2019-04-21,金塊,22,32,37,26,117
1415,2019-04-21,馬刺,34,20,25,24,103
1416,2019-04-21,公鹿,32,35,33,19,119
1417,2019-04-21,活塞,24,30,24,25,103
1418,2019-04-21,火箭,28,22,24,30,104
1419,2019-04-21,爵士,30,25,21,25,101
1420,2019-04-22,塞爾蒂克,21,26,26,37,110
1421,2019-04-22,溜馬,23,26,23,34,106
1422,2019-04-22,勇士,32,30,25,26,113
1423,2019-04-22,快艇,22,32,30,21,105
1424,2019-04-22,暴龍,28,30,24,25,107
1425,2019-04-22,魔術,26,16,28,15,85
1426,2019-04-22,拓荒者,26,24,29,32,111
1427,2019-04-22,雷霆,24,22,22,30,98
1428,2019-04-23,公鹿,26,30,39,32,127
1429,2019-04-23,活塞,28,34,23,19,104
1430,2019-04-23,火箭,24,23,32,12,91
1431,2019-04-23,爵士,32,21,23,31,107
1432,2019-04-24,魔術,19,28,23,26,96
1433,2019-04-24,暴龍,35,32,32,16,115
1434,2019-04-24,籃網,15,16,33,36,100
1435,2019-04-24,76人,32,28,35,27,122
1436,2019-04-24,馬刺,19,23,21,27,90
1437,2019-04-24,金塊,26,27,32,23,108
1438,2019-04-24,雷霆,37,23,30,25,115
1439,2019-04-24,拓荒者,29,32,27,30,118
1440,2019-04-25,爵士,20,22,27,24,93
1441,2019-04-25,火箭,20,26,29,25,100
1442,2019-04-25,快艇,37,34,33,25,129
1443,2019-04-25,勇士,41,22,31,27,121
1444,2019-04-26,金塊,24,36,25,18,103
1445,2019-04-26,馬刺,34,30,26,30,120
1446,2019-04-27,勇士,35,37,30,27,129
1447,2019-04-27,快艇,31,22,25,32,110
1448,2019-04-28,76人,31,21,29,14,95
1449,2019-04-28,暴龍,39,22,31,16,108
1450,2019-04-28,馬刺,13,21,27,25,86
1451,2019-04-28,金塊,23,24,25,18,90
1452,2019-04-29,塞爾蒂克,26,26,36,24,112
1453,2019-04-29,公鹿,17,33,21,19,90
1454,2019-04-29,火箭,19,34,23,24,100
1455,2019-04-29,勇士,28,25,30,21,104
1456,2019-04-30,76人,26,25,18,25,94
1457,2019-04-30,暴龍,17,21,25,26,89
1458,2019-04-30,拓荒者,32,23,29,29,113
1459,2019-04-30,金塊,32,26,35,28,121
1460,2019-05-01,塞爾蒂克,30,25,18,29,102
1461,2019-05-01,公鹿,25,34,39,25,123
1462,2019-05-01,火箭,20,29,26,34,109
1463,2019-05-01,勇士,29,29,24,33,115
1464,2019-05-02,拓荒者,28,22,28,19,97
1465,2019-05-02,金塊,23,12,29,26,90
1466,2019-05-03,暴龍,29,24,28,14,95
1467,2019-05-03,76人,32,32,25,27,116
1468,2019-05-04,公鹿,25,30,40,28,123
1469,2019-05-04,塞爾蒂克,30,26,31,29,116
1470,2019-05-04,金塊,17,30,29,26,137
1471,2019-05-04,拓荒者,23,25,33,21,140
1472,2019-05-05,勇士,26,23,35,28,121
1473,2019-05-05,火箭,25,33,33,21,126
1474,2019-05-06,暴龍,24,23,28,26,101
1475,2019-05-06,76人,21,24,30,21,96
1476,2019-05-06,金塊,29,28,27,32,116
1477,2019-05-06,拓荒者,33,30,14,35,112
1478,2019-05-07,公鹿,22,25,33,33,113
1479,2019-05-07,塞爾蒂克,30,19,23,29,101
1480,2019-05-07,勇士,28,26,30,24,108
1481,2019-05-07,火箭,25,36,32,19,112
1482,2019-05-08,76人,26,17,27,19,89
1483,2019-05-08,暴龍,27,37,28,33,125
1484,2019-05-08,拓荒者,25,22,18,33,98
1485,2019-05-08,金塊,31,34,28,31,124
1486,2019-05-09,塞爾蒂克,19,20,23,29,91
1487,2019-05-09,公鹿,22,30,28,36,116
1488,2019-05-09,火箭,17,26,29,27,99
1489,2019-05-09,勇士,31,26,15,32,104
1490,2019-05-10,暴龍,21,22,24,34,101
1491,2019-05-10,76人,29,29,29,25,112
1492,2019-05-10,金塊,34,20,26,28,108
1493,2019-05-10,拓荒者,26,32,29,32,119
1494,2019-05-11,勇士,27,30,25,36,118
1495,2019-05-11,火箭,28,29,30,26,113
1496,2019-05-13,拓荒者,17,22,32,29,100
1497,2019-05-13,金塊,29,19,24,24,96
1498,2019-05-13,76人,13,27,24,26,90
1499,2019-05-13,暴龍,18,26,23,25,92
1500,2019-05-15,拓荒者,23,22,26,23,94
1501,2019-05-15,勇士,27,27,23,39,116
1502,2019-05-16,暴龍,34,25,24,17,100
1503,2019-05-16,公鹿,23,28,25,32,108
1504,2019-05-17,拓荒者,31,34,24,22,111
1505,2019-05-17,勇士,29,21,39,25,114
1506,2019-05-18,暴龍,21,18,39,25,103
1507,2019-05-18,公鹿,35,29,31,30,125
1508,2019-05-19,勇士,27,26,29,28,110
1509,2019-05-19,拓荒者,29,37,13,20,99
1510,2019-05-20,公鹿,21,30,24,21,112
1511,2019-05-20,暴龍,30,28,19,19,118
1512,2019-05-21,勇士,36,29,22,24,119
1513,2019-05-21,拓荒者,35,34,26,16,117
1514,2019-05-22,公鹿,31,24,26,21,102
1515,2019-05-22,暴龍,32,33,29,26,120
1516,2019-05-24,暴龍,22,24,26,33,105
1517,2019-05-24,公鹿,32,17,26,24,99
1518,2019-05-26,公鹿,31,19,26,18,94
1519,2019-05-26,暴龍,18,25,28,29,100
1520,2019-05-31,勇士,21,28,32,28,109
1521,2019-05-31,暴龍,25,34,29,30,118
1522,2019-06-03,勇士,26,28,34,21,109
1523,2019-06-03,暴龍,27,32,21,24,104
1524,2019-06-06,暴龍,36,24,36,27,123
1525,2019-06-06,勇士,29,23,31,26,109
1526,2019-06-08,暴龍,17,25,37,26,105
1527,2019-06-08,勇士,23,23,21,25,92
1528,2019-06-11,勇士,34,28,22,22,106
1529,2019-06-11,暴龍,28,28,22,27,105
1530,2019-06-14,暴龍,33,27,26,28,114
1531,2019-06-14,勇士,32,25,31,22,110
1532,2019-10-01,Sharks,14,20,17,20,71
1533,2019-10-01,火箭,36,41,34,29,140
1534,2019-10-04,火箭,31,26,32,20,109
1535,2019-10-04,快艇,22,18,25,31,96
1536,2019-10-04,溜馬,29,30,33,26,132
1537,2019-10-04,國王,39,33,25,21,131
1538,2019-10-05,Basketball Club of Brazil,27,26,19,17,89
1539,2019-10-05,籃網,32,42,22,41,137
1540,2019-10-05,國王,30,29,20,27,106
1541,2019-10-05,溜馬,25,46,25,34,130
1542,2019-10-06,湖人,33,26,32,32,123
1543,2019-10-06,勇士,20,31,20,30,101
1544,2019-10-06,魔術,27,32,41,25,125
1545,2019-10-06,馬刺,25,25,17,22,89
1546,2019-10-06,36ers,18,21,24,18,81
1547,2019-10-06,爵士,28,32,44,29,133
1548,2019-10-07,海法馬卡比,16,22,20,30,88
1549,2019-10-07,灰熊,26,36,27,34,123
1550,2019-10-07,黄蜂,29,34,16,27,106
1551,2019-10-07,塞爾蒂克,27,31,20,29,107
1552,2019-10-07,Sharks,21,13,24,29,87
1553,2019-10-07,快艇,28,35,25,39,127
1554,2019-10-08,聖洛倫索,24,29,21,15,89
1555,2019-10-08,騎士,21,43,26,30,120
1556,2019-10-08,魔術,29,28,27,31,115
1557,2019-10-08,活塞,23,25,23,20,91
1558,2019-10-08,尼克,27,30,26,21,104
1559,2019-10-08,巫師,16,26,29,28,99
1560,2019-10-08,鵜鶘,29,46,35,23,133
1561,2019-10-08,老鷹,34,27,26,22,109
1562,2019-10-08,公鹿,28,35,34,25,122
1563,2019-10-08,公牛,27,33,26,26,112
1564,2019-10-08,火箭,44,41,21,23,129
1565,2019-10-08,暴龍,40,33,26,35,134
1566,2019-10-09,Long-Lions,22,19,20,25,86
1567,2019-10-09,76人,36,46,35,27,144
1568,2019-10-09,馬刺,23,23,18,25,89
1569,2019-10-09,熱火,22,31,28,26,107
1570,2019-10-09,Breakers,14,22,29,29,94
1571,2019-10-09,灰熊,27,28,22,31,108
1572,2019-10-09,獨行俠,28,34,27,15,104
1573,2019-10-09,雷霆,33,33,31,22,119
1574,2019-10-09,灰狼,26,28,28,24,106
1575,2019-10-09,太陽,37,19,34,21,111
1576,2019-10-09,金塊,27,25,26,27,105
1577,2019-10-09,拓荒者,22,28,18,26,94
1578,2019-10-10,獨行俠,28,31,27,31,117
1579,2019-10-10,活塞,26,24,36,38,124
1580,2019-10-10,Long-Lions,24,22,23,29,98
1581,2019-10-10,巫師,29,45,34,29,137
1582,2019-10-10,魔術,18,28,24,27,97
1583,2019-10-10,老鷹,20,24,23,21,88
1584,2019-10-10,熱火,31,32,27,18,108
1585,2019-10-10,黄蜂,23,19,21,31,94
1586,2019-10-10,鵜鶘,25,33,28,41,127
1587,2019-10-10,公牛,26,45,36,18,125
1588,2019-10-10,爵士,23,23,22,31,99
1589,2019-10-10,公鹿,34,30,37,32,133
1590,2019-10-10,暴龍,23,40,27,21,111
1591,2019-10-10,火箭,30,25,35,28,118
1592,2019-10-10,籃網,29,28,27,30,114
1593,2019-10-10,湖人,33,22,32,24,111
1594,2019-10-11,Breakers,15,20,22,27,84
1595,2019-10-11,雷霆,29,33,28,20,110
1596,2019-10-11,海法馬卡比,19,20,25,4,68
1597,2019-10-11,拓荒者,24,32,23,25,104
1598,2019-10-11,太陽,16,21,33,18,88
1599,2019-10-11,國王,29,22,25,29,105
1600,2019-10-11,灰狼,31,33,37,22,123
1601,2019-10-11,勇士,35,35,41,32,143
1602,2019-10-11,金塊,23,29,29,30,111
1603,2019-10-11,快艇,29,32,15,15,91
1604,2019-10-12,騎士,30,29,31,15,105
1605,2019-10-12,活塞,23,26,29,31,109
1606,2019-10-12,公牛,19,21,21,26,87
1607,2019-10-12,溜馬,24,29,28,24,105
1608,2019-10-12,塞爾蒂克,35,27,21,17,100
1609,2019-10-12,魔術,11,23,21,20,75
1610,2019-10-12,76人,33,25,30,12,100
1611,2019-10-12,黄蜂,14,25,27,21,87
1612,2019-10-12,巫師,24,41,26,24,115
1613,2019-10-12,尼克,30,17,24,28,99
1614,2019-10-12,爵士,35,32,33,27,127
1615,2019-10-12,鵜鶘,34,25,30,39,128
1616,2019-10-12,公鹿,31,30,38,19,118
1617,2019-10-12,獨行俠,24,31,27,29,111
1618,2019-10-12,湖人,19,17,25,16,77
1619,2019-10-12,籃網,20,27,23,21,91
1620,2019-10-13,太陽,32,33,38,31,134
1621,2019-10-13,拓荒者,33,25,31,29,118
1622,2019-10-14,騎士,17,9,17,29,72
1623,2019-10-14,塞爾蒂克,22,37,27,32,118
1624,2019-10-14,United,24,27,20,29,100
1625,2019-10-14,快艇,18,29,43,28,118
1626,2019-10-14,鵜鶘,16,40,35,32,123
1627,2019-10-14,馬刺,27,39,16,32,114
1628,2019-10-14,76人,26,31,33,36,126
1629,2019-10-14,魔術,14,31,27,22,94
1630,2019-10-14,公牛,28,25,39,13,105
1631,2019-10-14,暴龍,21,17,23,30,91
1632,2019-10-14,公鹿,27,28,29,31,115
1633,2019-10-14,巫師,26,26,31,25,108
1634,2019-10-14,海法馬卡比,25,14,32,30,101
1635,2019-10-14,灰狼,33,34,33,31,131
1636,2019-10-15,老鷹,34,15,20,18,87
1637,2019-10-15,熱火,32,25,34,29,120
1638,2019-10-15,黄蜂,28,30,32,30,120
1639,2019-10-15,灰熊,18,29,38,14,99
1640,2019-10-15,雷霆,19,19,19,13,70
1641,2019-10-15,獨行俠,29,28,25,25,107
1642,2019-10-15,國王,37,41,23,27,128
1643,2019-10-15,爵士,38,26,28,23,115
1644,2019-10-15,金塊,39,27,19,22,107
1645,2019-10-15,太陽,30,22,21,29,102
1646,2019-10-15,勇士,17,31,24,26,98
1647,2019-10-15,湖人,28,27,32,17,104
1648,2019-10-16,塞爾蒂克,27,28,39,24,118
1649,2019-10-16,騎士,19,25,33,18,95
1650,2019-10-16,灰狼,27,24,32,36,119
1651,2019-10-16,溜馬,20,28,37,26,111
1652,2019-10-16,活塞,25,22,21,18,86
1653,2019-10-16,76人,30,21,27,28,106
1654,2019-10-17,活塞,25,36,28,27,116
1655,2019-10-17,黄蜂,28,30,30,22,110
1656,2019-10-17,老鷹,27,34,19,20,100
1657,2019-10-17,尼克,25,29,17,25,96
1658,2019-10-17,馬刺,36,29,32,31,128
1659,2019-10-17,火箭,22,29,28,35,114
1660,2019-10-17,灰熊,27,25,46,26,124
1661,2019-10-17,雷霆,28,31,28,32,119
1662,2019-10-17,拓荒者,38,29,27,32,126
1663,2019-10-17,爵士,32,33,21,32,118
1664,2019-10-17,United,28,21,23,38,110
1665,2019-10-17,國王,31,29,39,25,124
1666,2019-10-17,勇士,20,25,31,17,93
1667,2019-10-17,湖人,33,38,33,22,126
1668,2019-10-18,熱火,27,23,33,24,107
1669,2019-10-18,魔術,26,23,26,23,98
1670,2019-10-18,老鷹,20,22,22,29,93
1671,2019-10-18,公牛,24,27,28,32,111
1672,2019-10-18,灰狼,22,20,31,23,96
1673,2019-10-18,公鹿,23,33,33,29,118
1674,2019-10-18,拓荒者,32,23,29,20,104
1675,2019-10-18,金塊,28,32,27,23,110
1676,2019-10-18,獨行俠,32,23,21,26,102
1677,2019-10-18,快艇,13,22,24,28,87
1678,2019-10-19,巫師,27,27,40,18,112
1679,2019-10-19,76人,29,15,21,28,93
1680,2019-10-19,暴龍,28,46,27,22,123
1681,2019-10-19,籃網,28,25,31,23,107
1682,2019-10-19,火箭,38,35,38,33,144
1683,2019-10-19,熱火,35,35,25,38,133
1684,2019-10-19,鵜鶘,34,28,26,29,117
1685,2019-10-19,尼克,28,29,26,33,116
1686,2019-10-19,灰熊,20,20,23,28,91
1687,2019-10-19,馬刺,31,15,25,33,104
1688,2019-10-19,湖人,32,23,33,15,103
1689,2019-10-19,勇士,31,40,23,30,124
1690,2019-10-23,鵜鶘,30,31,25,31,122
1691,2019-10-23,暴龍,27,29,32,29,130
1692,2019-10-23,湖人,25,29,31,17,102
1693,2019-10-23,快艇,22,40,23,27,112
1694,2019-10-24,公牛,28,27,40,30,125
1695,2019-10-24,黄蜂,37,26,33,30,126
1696,2019-10-24,活塞,27,27,29,36,119
1697,2019-10-24,溜馬,24,31,31,24,110
1698,2019-10-24,騎士,24,17,24,20,85
1699,2019-10-24,魔術,28,27,16,23,94
1700,2019-10-24,灰狼,33,35,20,27,127
1701,2019-10-24,籃網,22,34,37,22,126
1702,2019-10-24,灰熊,32,28,24,17,101
1703,2019-10-24,熱火,24,30,29,37,120
1704,2019-10-24,塞爾蒂克,25,23,20,25,93
1705,2019-10-24,76人,20,29,28,30,107
1706,2019-10-24,巫師,25,23,20,32,100
1707,2019-10-24,獨行俠,24,38,29,17,108
1708,2019-10-24,尼克,15,36,33,27,111
1709,2019-10-24,馬刺,22,37,24,37,120
1710,2019-10-24,雷霆,12,34,28,21,95
1711,2019-10-24,爵士,23,26,19,32,100
1712,2019-10-24,國王,29,30,17,19,95
1713,2019-10-24,太陽,25,29,32,38,124
1714,2019-10-24,金塊,24,30,19,35,108
1715,2019-10-24,拓荒者,27,23,24,26,100
1716,2019-10-25,老鷹,38,22,31,26,117
1717,2019-10-25,活塞,32,31,18,19,100
1718,2019-10-25,公鹿,23,27,28,39,117
1719,2019-10-25,火箭,30,36,21,24,111
1720,2019-10-25,快艇,35,30,46,30,141
1721,2019-10-25,勇士,29,25,33,35,122
1722,2019-10-26,暴龍,21,28,33,24,106
1723,2019-10-26,塞爾蒂克,22,28,26,36,112
1724,2019-10-26,灰狼,30,28,45,18,121
1725,2019-10-26,黄蜂,32,24,25,18,99
1726,2019-10-26,尼克,23,28,32,26,109
1727,2019-10-26,籃網,32,32,30,19,113
1728,2019-10-26,公牛,25,22,32,31,110
1729,2019-10-26,灰熊,29,31,21,21,102
1730,2019-10-26,獨行俠,27,45,23,28,123
1731,2019-10-26,鵜鶘,41,23,29,23,116
1732,2019-10-26,巫師,28,24,26,19,97
1733,2019-10-26,雷霆,24,22,24,15,85
1734,2019-10-26,太陽,21,24,17,33,107
1735,2019-10-26,金塊,15,24,25,31,108
1736,2019-10-26,拓荒者,25,32,37,28,122
1737,2019-10-26,國王,27,30,27,28,112
1738,2019-10-26,爵士,17,20,18,31,86
1739,2019-10-26,湖人,24,19,31,21,95
1740,2019-10-27,熱火,29,24,29,39,131
1741,2019-10-27,公鹿,33,37,23,28,126
1742,2019-10-27,76人,28,26,29,34,117
1743,2019-10-27,活塞,29,28,26,28,111
1744,2019-10-27,魔術,26,24,25,24,99
1745,2019-10-27,老鷹,23,29,25,26,103
1746,2019-10-27,塞爾蒂克,22,24,36,36,118
1747,2019-10-27,尼克,24,27,25,19,95
1748,2019-10-27,溜馬,28,20,26,25,99
1749,2019-10-27,騎士,26,39,25,20,110
1750,2019-10-27,暴龍,24,24,36,24,108
1751,2019-10-27,公牛,23,17,22,22,84
1752,2019-10-27,鵜鶘,24,37,39,23,123
1753,2019-10-27,火箭,29,32,36,29,126
1754,2019-10-27,巫師,26,34,30,32,122
1755,2019-10-27,馬刺,30,30,32,32,124
1756,2019-10-27,國王,25,16,17,23,81
1757,2019-10-27,爵士,35,31,27,20,113
1758,2019-10-27,快艇,22,33,30,37,122
1759,2019-10-27,太陽,26,29,36,39,130
1760,2019-10-28,勇士,20,17,31,24,92
1761,2019-10-28,雷霆,35,35,35,15,120
1762,2019-10-28,籃網,29,28,40,23,133
1763,2019-10-28,灰熊,35,24,33,28,134
1764,2019-10-28,拓荒者,25,34,36,26,121
1765,2019-10-28,獨行俠,40,31,24,24,119
1766,2019-10-28,熱火,23,34,27,25,109
1767,2019-10-28,灰狼,36,19,22,39,116
1768,2019-10-28,黄蜂,28,34,18,21,101
1769,2019-10-28,湖人,30,33,24,33,120
1770,2019-10-29,溜馬,25,28,18,23,94
1771,2019-10-29,活塞,33,26,19,18,96
1772,2019-10-29,公牛,33,19,28,18,98
1773,2019-10-29,尼克,15,27,30,33,105
1774,2019-10-29,76人,31,32,19,23,105
1775,2019-10-29,老鷹,40,25,18,20,103
1776,2019-10-29,魔術,22,24,21,28,95
1777,2019-10-29,暴龍,31,20,27,26,104
1778,2019-10-29,雷霆,35,27,18,32,112
1779,2019-10-29,火箭,22,30,39,25,116
1780,2019-10-29,騎士,31,21,28,32,112
1781,2019-10-29,公鹿,30,29,32,38,129
1782,2019-10-29,勇士,27,45,31,31,134
1783,2019-10-29,鵜鶘,23,32,24,44,123
1784,2019-10-29,拓荒者,33,18,20,39,110
1785,2019-10-29,馬刺,19,26,37,31,113
1786,2019-10-29,爵士,28,18,24,26,96
1787,2019-10-29,太陽,21,18,31,25,95
1788,2019-10-29,金塊,21,26,30,24,101
1789,2019-10-29,國王,28,25,17,24,94
1790,2019-10-29,黄蜂,28,26,20,22,96
1791,2019-10-29,快艇,29,28,29,25,111
1792,2019-10-30,老鷹,26,23,21,27,97
1793,2019-10-30,熱火,29,30,29,24,112
1794,2019-10-30,獨行俠,27,33,23,26,109
1795,2019-10-30,金塊,31,30,27,18,106
1796,2019-10-30,灰熊,32,15,20,24,91
1797,2019-10-30,湖人,27,22,39,32,120
1798,2019-10-31,公牛,26,27,29,29,111
1799,2019-10-31,騎士,25,25,30,37,117
1800,2019-10-31,尼克,25,19,23,16,83
1801,2019-10-31,魔術,22,20,30,23,95
1802,2019-10-31,灰狼,24,19,35,17,95
1803,2019-10-31,76人,32,30,30,25,117
1804,2019-10-31,公鹿,34,24,18,29,105
1805,2019-10-31,塞爾蒂克,19,23,38,36,116
1806,2019-10-31,溜馬,31,29,30,28,118
1807,2019-10-31,籃網,31,32,20,25,108
1808,2019-10-31,活塞,28,30,27,28,113
1809,2019-10-31,暴龍,37,27,37,24,125
1810,2019-10-31,火箭,35,41,35,48,159
1811,2019-10-31,巫師,34,43,40,41,158
1812,2019-10-31,拓荒者,24,25,19,34,102
1813,2019-10-31,雷霆,17,27,25,30,99
1814,2019-10-31,快艇,23,28,20,25,96
1815,2019-10-31,爵士,33,19,38,20,110
1816,2019-10-31,黄蜂,30,31,32,25,118
1817,2019-10-31,國王,33,33,18,27,111
1818,2019-10-31,太陽,43,29,23,26,121
1819,2019-10-31,勇士,14,32,21,43,110
1820,2019-11-01,熱火,30,22,33,21,106
1821,2019-11-01,老鷹,26,20,29,22,97
1822,2019-11-01,金塊,30,22,23,32,107
1823,2019-11-01,鵜鶘,32,24,30,36,122
1824,2019-11-01,馬刺,24,24,27,22,97
1825,2019-11-01,快艇,23,27,30,23,103
1826,2019-11-02,火箭,33,26,24,33,116
1827,2019-11-02,籃網,24,37,34,28,123
1828,2019-11-02,騎士,26,11,24,34,95
1829,2019-11-02,溜馬,19,23,26,34,102
1830,2019-11-02,公鹿,31,31,26,35,123
1831,2019-11-02,魔術,27,14,30,20,91
1832,2019-11-02,尼克,23,27,24,28,102
1833,2019-11-02,塞爾蒂克,22,27,26,29,104
1834,2019-11-02,活塞,23,29,28,26,106
1835,2019-11-02,公牛,30,27,29,26,112
1836,2019-11-02,湖人,20,28,28,27,119
1837,2019-11-02,獨行俠,25,33,27,18,110
1838,2019-11-02,爵士,18,30,32,21,101
1839,2019-11-02,國王,28,23,30,21,102
1840,2019-11-02,馬刺,29,28,40,30,127
1841,2019-11-02,勇士,28,27,31,24,110
1842,2019-11-03,鵜鶘,26,34,26,18,104
1843,2019-11-03,雷霆,33,32,29,21,115
1844,2019-11-03,籃網,26,28,18,37,109
1845,2019-11-03,活塞,33,13,32,35,113
1846,2019-11-03,金塊,17,23,29,22,91
1847,2019-11-03,魔術,26,19,18,24,87
1848,2019-11-03,灰狼,42,28,36,25,131
1849,2019-11-03,巫師,34,22,16,37,109
1850,2019-11-03,太陽,31,14,37,32,114
1851,2019-11-03,灰熊,24,23,22,36,105
1852,2019-11-03,暴龍,17,33,40,15,105
1853,2019-11-03,公鹿,36,30,29,20,115
1854,2019-11-03,黄蜂,25,25,18,25,93
1855,2019-11-03,勇士,30,25,16,16,87
1856,2019-11-03,76人,27,30,35,37,129
1857,2019-11-03,拓荒者,32,36,34,26,128
1858,2019-11-04,公牛,18,24,32,21,95
1859,2019-11-04,溜馬,24,31,31,22,108
1860,2019-11-04,火箭,14,32,25,29,100
1861,2019-11-04,熱火,46,25,28,30,129
1862,2019-11-04,國王,32,29,29,23,113
1863,2019-11-04,尼克,23,18,23,28,92
1864,2019-11-04,湖人,26,30,21,26,103
1865,2019-11-04,馬刺,25,18,29,24,96
1866,2019-11-04,獨行俠,31,27,32,41,131
1867,2019-11-04,騎士,28,25,33,25,111
1868,2019-11-04,爵士,20,21,28,25,94
1869,2019-11-04,快艇,16,23,26,40,105
1870,2019-11-05,活塞,30,31,17,21,99
1871,2019-11-05,巫師,31,32,30,22,115
1872,2019-11-05,鵜鶘,27,23,48,27,125
1873,2019-11-05,籃網,33,34,37,31,135
1874,2019-11-05,火箭,33,29,22,23,107
1875,2019-11-05,灰熊,28,32,16,24,100
1876,2019-11-05,公鹿,31,33,38,32,134
1877,2019-11-05,灰狼,27,30,25,24,106
1878,2019-11-05,76人,31,30,21,27,109
1879,2019-11-05,太陽,29,26,26,33,114
1880,2019-11-05,拓荒者,32,31,20,35,118
1881,2019-11-05,勇士,34,26,27,40,127
1882,2019-11-06,溜馬,35,29,28,21,120
1883,2019-11-06,黄蜂,20,37,21,35,122
1884,2019-11-06,塞爾蒂克,32,29,28,30,119
1885,2019-11-06,騎士,24,28,31,30,113
1886,2019-11-06,馬刺,21,24,33,22,100
1887,2019-11-06,老鷹,22,22,26,38,108
1888,2019-11-06,湖人,24,24,32,38,118
1889,2019-11-06,公牛,29,36,28,19,112
1890,2019-11-06,魔術,26,27,26,15,94
1891,2019-11-06,雷霆,31,27,23,21,102
1892,2019-11-06,熱火,28,20,21,20,89
1893,2019-11-06,金塊,29,29,31,20,109
1894,2019-11-07,尼克,25,34,26,17,102
1895,2019-11-07,活塞,33,31,32,26,122
1896,2019-11-07,巫師,26,36,18,26,106
1897,2019-11-07,溜馬,26,44,24,27,121
1898,2019-11-07,公牛,33,23,35,22,113
1899,2019-11-07,老鷹,19,22,24,28,93
1900,2019-11-07,國王,23,35,30,32,120
1901,2019-11-07,暴龍,36,30,29,29,124
1902,2019-11-07,勇士,29,23,31,29,112
1903,2019-11-07,火箭,30,33,35,31,129
1904,2019-11-07,灰狼,26,38,32,25,121
1905,2019-11-07,灰熊,37,35,29,36,137
1906,2019-11-07,魔術,28,28,23,27,106
1907,2019-11-07,獨行俠,25,29,32,21,107
1908,2019-11-07,76人,29,27,17,31,104
1909,2019-11-07,爵士,26,32,26,22,106
1910,2019-11-07,公鹿,28,42,28,31,129
1911,2019-11-07,快艇,30,29,30,35,124
1912,2019-11-08,塞爾蒂克,30,22,33,23,108
1913,2019-11-08,黄蜂,20,23,24,20,87
1914,2019-11-08,雷霆,30,27,27,28,112
1915,2019-11-08,馬刺,33,23,36,29,121
1916,2019-11-08,熱火,31,33,29,31,124
1917,2019-11-08,太陽,30,27,29,22,108
1918,2019-11-08,拓荒者,22,18,36,25,101
1919,2019-11-08,快艇,26,21,23,37,107
1920,2019-11-09,活塞,35,18,19,34,106
1921,2019-11-09,溜馬,27,30,28,27,112
1922,2019-11-09,灰熊,15,33,30,8,86
1923,2019-11-09,魔術,27,24,33,34,118
1924,2019-11-09,騎士,30,37,21,25,113
1925,2019-11-09,巫師,26,26,32,16,100
1926,2019-11-09,國王,31,32,28,30,121
1927,2019-11-09,老鷹,24,23,36,26,109
1928,2019-11-09,勇士,31,30,25,24,119
1929,2019-11-09,灰狼,29,31,20,30,125
1930,2019-11-09,暴龍,30,45,22,25,122
1931,2019-11-09,鵜鶘,30,23,22,29,104
1932,2019-11-09,尼克,36,25,23,22,106
1933,2019-11-09,獨行俠,28,29,23,22,102
1934,2019-11-09,76人,24,33,27,13,97
1935,2019-11-09,金塊,18,24,23,35,100
1936,2019-11-09,公鹿,16,19,39,26,100
1937,2019-11-09,爵士,30,25,26,22,103
1938,2019-11-09,籃網,26,28,35,30,119
1939,2019-11-09,拓荒者,20,29,37,29,115
1940,2019-11-09,熱火,21,25,20,14,80
1941,2019-11-09,湖人,28,20,30,17,95
1942,2019-11-10,塞爾蒂克,39,33,32,31,135
1943,2019-11-10,馬刺,30,24,37,24,115
1944,2019-11-10,鵜鶘,33,22,26,34,115
1945,2019-11-10,黄蜂,28,33,25,24,110
1946,2019-11-10,火箭,20,30,36,31,117
1947,2019-11-10,公牛,27,22,18,27,94
1948,2019-11-10,獨行俠,31,37,36,34,138
1949,2019-11-10,灰熊,34,28,29,31,122
1950,2019-11-10,勇士,27,16,41,24,108
1951,2019-11-10,雷霆,36,24,24,30,114
1952,2019-11-11,金塊,27,22,27,14,100
1953,2019-11-11,灰狼,27,24,13,26,98
1954,2019-11-11,溜馬,29,22,30,28,109
1955,2019-11-11,魔術,33,27,17,25,102
1956,2019-11-11,黄蜂,24,34,23,25,106
1957,2019-11-11,76人,33,20,35,26,114
1958,2019-11-11,公鹿,21,29,37,34,121
1959,2019-11-11,雷霆,24,32,24,39,119
1960,2019-11-11,騎士,31,23,24,30,108
1961,2019-11-11,尼克,19,17,27,24,87
1962,2019-11-11,籃網,30,20,30,32,112
1963,2019-11-11,太陽,37,31,38,32,138
1964,2019-11-11,老鷹,21,23,31,32,113
1965,2019-11-11,拓荒者,20,26,29,32,124
1966,2019-11-11,暴龍,29,23,26,35,113
1967,2019-11-11,湖人,30,30,18,26,104
1968,2019-11-12,灰狼,41,25,26,28,120
1969,2019-11-12,活塞,26,25,30,33,114
1970,2019-11-12,獨行俠,21,33,25,27,106
1971,2019-11-12,塞爾蒂克,25,29,30,32,116
1972,2019-11-12,灰熊,35,22,34,22,113
1973,2019-11-12,馬刺,22,32,26,29,109
1974,2019-11-12,火箭,30,28,32,32,122
1975,2019-11-12,鵜鶘,23,29,30,34,116
1976,2019-11-12,爵士,34,35,28,25,122
1977,2019-11-12,勇士,30,24,31,23,108
1978,2019-11-12,暴龍,23,23,32,10,88
1979,2019-11-12,快艇,15,36,22,25,98
1980,2019-11-13,雷霆,25,17,20,23,85
1981,2019-11-13,溜馬,31,21,34,25,111
1982,2019-11-13,騎士,21,27,30,19,97
1983,2019-11-13,76人,24,30,28,16,98
1984,2019-11-13,活塞,17,20,35,36,108
1985,2019-11-13,熱火,28,31,33,25,117
1986,2019-11-13,尼克,22,32,31,17,102
1987,2019-11-13,公牛,30,30,25,35,120
1988,2019-11-13,老鷹,25,38,35,27,125
1989,2019-11-13,金塊,34,20,35,32,121
1990,2019-11-13,湖人,26,34,35,28,123
1991,2019-11-13,太陽,29,29,34,23,115
1992,2019-11-13,籃網,35,33,24,22,114
1993,2019-11-13,爵士,29,24,31,35,119
1994,2019-11-13,拓荒者,24,25,21,29,99
1995,2019-11-13,國王,21,25,35,26,107
1996,2019-11-14,灰熊,26,37,31,25,119
1997,2019-11-14,黄蜂,29,35,32,21,117
1998,2019-11-14,76人,30,23,29,15,97
1999,2019-11-14,魔術,31,22,27,32,112
2000,2019-11-14,巫師,34,32,30,37,133
2001,2019-11-14,塞爾蒂克,34,34,34,38,140
2002,2019-11-14,快艇,15,22,31,25,93
2003,2019-11-14,火箭,31,18,25,28,102
2004,2019-11-14,馬刺,24,35,36,19,114
2005,2019-11-14,灰狼,26,40,40,23,129
2006,2019-11-14,勇士,26,29,27,12,94
2007,2019-11-14,湖人,38,29,31,22,120
2008,2019-11-14,暴龍,23,31,33,27,114
2009,2019-11-14,拓荒者,30,23,25,28,106
2010,2019-11-15,熱火,34,34,26,14,108
2011,2019-11-15,騎士,22,22,30,23,97
2012,2019-11-15,獨行俠,23,30,34,16,103
2013,2019-11-15,尼克,27,31,29,19,106
2014,2019-11-15,公牛,32,34,20,29,115
2015,2019-11-15,公鹿,30,35,32,27,124
2016,2019-11-15,快艇,35,24,38,30,127
2017,2019-11-15,鵜鶘,34,38,24,36,132
2018,2019-11-15,老鷹,33,28,29,22,112
2019,2019-11-15,太陽,31,36,37,24,128
2020,2019-11-15,籃網,35,26,18,14,93
2021,2019-11-15,金塊,28,21,30,22,101
2022,2019-11-16,活塞,35,30,18,23,106
2023,2019-11-16,黄蜂,25,26,32,26,109
2024,2019-11-16,馬刺,31,25,26,27,109
2025,2019-11-16,魔術,24,23,32,32,111
2026,2019-11-16,溜馬,22,27,30,23,102
2027,2019-11-16,火箭,26,28,26,31,111
2028,2019-11-16,爵士,26,22,31,27,106
2029,2019-11-16,灰熊,23,30,24,30,107
2030,2019-11-16,巫師,39,37,26,35,137
2031,2019-11-16,灰狼,30,43,19,24,116
2032,2019-11-16,76人,29,20,34,24,119
2033,2019-11-16,雷霆,24,30,26,27,127
2034,2019-11-16,塞爾蒂克,23,29,24,29,105
2035,2019-11-16,勇士,32,19,20,29,100
2036,2019-11-16,國王,30,20,21,26,97
2037,2019-11-16,湖人,20,29,25,25,99
2038,2019-11-17,籃網,30,20,24,43,117
2039,2019-11-17,公牛,19,37,22,33,111
2040,2019-11-17,公鹿,26,23,22,31,102
2041,2019-11-17,溜馬,22,14,27,20,83
2042,2019-11-17,黄蜂,20,27,28,28,103
2043,2019-11-17,尼克,23,32,21,26,102
2044,2019-11-17,鵜鶘,22,27,16,29,94
2045,2019-11-17,熱火,29,25,24,31,109
2046,2019-11-17,火箭,31,33,29,32,125
2047,2019-11-17,灰狼,30,32,23,20,105
2048,2019-11-17,暴龍,22,38,17,25,102
2049,2019-11-17,獨行俠,32,21,25,32,110
2050,2019-11-17,拓荒者,41,25,24,31,121
2051,2019-11-17,馬刺,23,35,38,20,116
2052,2019-11-17,老鷹,30,32,20,19,101
2053,2019-11-17,快艇,43,31,38,38,150
2054,2019-11-18,76人,33,35,27,19,114
2055,2019-11-18,騎士,22,22,25,26,95
2056,2019-11-18,塞爾蒂克,18,28,29,24,99
2057,2019-11-18,國王,30,20,21,29,100
2058,2019-11-18,巫師,22,30,25,44,121
2059,2019-11-18,魔術,29,32,27,37,125
2060,2019-11-18,金塊,28,44,36,23,131
2061,2019-11-18,灰熊,32,17,31,34,114
2062,2019-11-18,勇士,23,26,20,31,100
2063,2019-11-18,鵜鶘,26,29,21,32,108
2064,2019-11-18,老鷹,24,17,36,24,101
2065,2019-11-18,湖人,36,33,27,26,122
2066,2019-11-19,騎士,20,31,20,34,105
2067,2019-11-19,尼克,32,32,30,29,123
2068,2019-11-19,溜馬,18,41,25,31,115
2069,2019-11-19,籃網,18,17,33,18,86
2070,2019-11-19,黄蜂,25,31,18,22,96
2071,2019-11-19,暴龍,26,34,32,40,132
2072,2019-11-19,公鹿,29,31,24,31,115
2073,2019-11-19,公牛,26,30,25,20,101
2074,2019-11-19,拓荒者,30,20,26,32,108
2075,2019-11-19,火箭,29,35,35,33,132
2076,2019-11-19,馬刺,22,27,30,31,110
2077,2019-11-19,獨行俠,36,23,34,24,117
2078,2019-11-19,塞爾蒂克,26,31,23,19,99
2079,2019-11-19,太陽,22,20,23,20,85
2080,2019-11-19,灰狼,36,23,17,36,112
2081,2019-11-19,爵士,32,24,22,24,102
2082,2019-11-19,雷霆,17,30,17,24,88
2083,2019-11-19,快艇,23,19,24,24,90
2084,2019-11-20,勇士,28,33,22,31,114
2085,2019-11-20,灰熊,30,16,26,23,95
2086,2019-11-20,拓荒者,28,26,25,25,104
2087,2019-11-20,鵜鶘,27,26,35,27,115
2088,2019-11-20,太陽,19,26,30,41,116
2089,2019-11-20,國王,33,29,25,33,120
2090,2019-11-20,雷霆,28,25,34,20,107
2091,2019-11-20,湖人,33,30,30,19,112
2092,2019-11-21,尼克,25,26,28,25,104
2093,2019-11-21,76人,27,26,21,35,109
2094,2019-11-21,馬刺,38,31,29,34,132
2095,2019-11-21,巫師,35,28,38,37,138
2096,2019-11-21,公鹿,34,24,38,39,135
2097,2019-11-21,老鷹,26,35,22,44,127
2098,2019-11-21,黄蜂,26,25,22,18,91
2099,2019-11-21,籃網,26,30,26,19,101
2100,2019-11-21,騎士,22,26,29,23,100
2101,2019-11-21,熱火,32,43,24,25,124
2102,2019-11-21,魔術,32,19,17,29,97
2103,2019-11-21,暴龍,32,29,18,34,113
2104,2019-11-21,勇士,16,22,26,30,94
2105,2019-11-21,獨行俠,44,30,30,38,142
2106,2019-11-21,活塞,30,25,16,18,89
2107,2019-11-21,公牛,30,29,25,25,109
2108,2019-11-21,爵士,26,22,25,30,103
2109,2019-11-21,灰狼,19,27,22,27,95
2110,2019-11-21,火箭,22,29,22,22,95
2111,2019-11-21,金塊,27,27,28,23,105
2112,2019-11-21,塞爾蒂克,21,21,33,22,104
2113,2019-11-21,快艇,22,18,29,28,107
2114,2019-11-22,拓荒者,27,31,40,31,129
2115,2019-11-22,公鹿,37,35,35,30,137
2116,2019-11-22,鵜鶘,38,21,36,29,124
2117,2019-11-22,太陽,33,33,28,27,121
2118,2019-11-23,老鷹,23,34,27,19,103
2119,2019-11-23,活塞,33,43,31,21,128
2120,2019-11-23,黄蜂,34,34,28,22,118
2121,2019-11-23,巫師,33,29,28,35,125
2122,2019-11-23,國王,23,26,21,27,97
2123,2019-11-23,籃網,26,30,30,30,116
2124,2019-11-23,馬刺,22,30,28,24,104
2125,2019-11-23,76人,29,30,28,28,115
2126,2019-11-23,熱火,34,33,18,31,116
2127,2019-11-23,公牛,16,27,24,41,108
2128,2019-11-23,湖人,34,32,40,24,130
2129,2019-11-23,雷霆,33,34,36,24,127
2130,2019-11-23,騎士,26,16,29,30,101
2131,2019-11-23,獨行俠,29,37,45,32,143
2132,2019-11-23,塞爾蒂克,13,21,23,35,92
2133,2019-11-23,金塊,27,18,25,26,96
2134,2019-11-23,勇士,28,23,21,37,109
2135,2019-11-23,爵士,30,35,25,23,113
2136,2019-11-23,火箭,23,28,33,35,119
2137,2019-11-23,快艇,31,24,25,42,122
2138,2019-11-24,太陽,30,22,30,18,100
2139,2019-11-24,灰狼,23,22,28,25,98
2140,2019-11-24,公牛,34,22,13,47,116
2141,2019-11-24,黄蜂,23,26,25,41,115
2142,2019-11-24,魔術,25,20,40,21,106
2143,2019-11-24,溜馬,24,31,28,28,111
2144,2019-11-24,暴龍,26,26,35,32,119
2145,2019-11-24,老鷹,27,34,29,26,116
2146,2019-11-24,馬刺,32,36,21,22,111
2147,2019-11-24,尼克,16,27,28,33,104
2148,2019-11-24,熱火,13,22,24,27,86
2149,2019-11-24,76人,28,27,37,21,113
2150,2019-11-24,拓荒者,19,23,27,35,104
2151,2019-11-24,騎士,19,30,27,34,110
2152,2019-11-24,湖人,25,30,30,24,109
2153,2019-11-24,灰熊,35,28,21,24,108
2154,2019-11-24,活塞,24,23,22,21,90
2155,2019-11-24,公鹿,27,27,23,27,104
2156,2019-11-24,鵜鶘,31,23,34,32,120
2157,2019-11-24,爵士,44,30,24,30,128
2158,2019-11-25,獨行俠,45,33,27,32,137
2159,2019-11-25,火箭,29,31,35,28,123
2160,2019-11-25,籃網,29,23,30,21,103
2161,2019-11-25,尼克,22,24,26,29,101
2162,2019-11-25,國王,24,33,33,23,113
2163,2019-11-25,巫師,27,30,28,21,106
2164,2019-11-25,太陽,28,29,20,27,104
2165,2019-11-25,金塊,28,24,27,37,116
2166,2019-11-25,鵜鶘,27,29,31,22,109
2167,2019-11-25,快艇,40,32,28,34,134
2168,2019-11-26,籃網,25,27,29,27,108
2169,2019-11-26,騎士,26,25,24,31,106
2170,2019-11-26,魔術,31,24,15,18,88
2171,2019-11-26,活塞,23,30,25,25,103
2172,2019-11-26,灰熊,27,29,27,31,114
2173,2019-11-26,溜馬,36,31,37,22,126
2174,2019-11-26,灰狼,38,16,39,32,125
2175,2019-11-26,老鷹,30,34,26,23,113
2176,2019-11-26,國王,22,24,29,27,102
2177,2019-11-26,塞爾蒂克,19,34,22,28,103
2178,2019-11-26,黄蜂,31,27,24,18,100
2179,2019-11-26,熱火,36,33,29,19,117
2180,2019-11-26,76人,34,15,31,16,96
2181,2019-11-26,暴龍,28,23,30,20,101
2182,2019-11-26,拓荒者,27,35,30,25,117
2183,2019-11-26,公牛,28,26,18,22,94
2184,2019-11-26,爵士,25,32,26,35,118
2185,2019-11-26,公鹿,23,25,42,32,122
2186,2019-11-26,湖人,25,29,32,28,114
2187,2019-11-26,馬刺,22,34,26,22,104
2188,2019-11-26,雷霆,25,28,21,26,100
2189,2019-11-26,勇士,28,31,24,14,97
2190,2019-11-27,快艇,34,28,31,21,114
2191,2019-11-27,獨行俠,27,19,31,22,99
2192,2019-11-27,巫師,23,24,22,35,104
2193,2019-11-27,金塊,25,39,22,31,117
2194,2019-11-28,籃網,23,40,23,24,110
2195,2019-11-28,塞爾蒂克,30,27,34,30,121
2196,2019-11-28,活塞,32,28,20,21,101
2197,2019-11-28,黄蜂,31,24,31,16,102
2198,2019-11-28,魔術,27,32,28,29,116
2199,2019-11-28,騎士,27,25,21,31,104
2200,2019-11-28,爵士,20,23,37,22,102
2201,2019-11-28,溜馬,21,32,36,32,121
2202,2019-11-28,國王,18,28,19,26,91
2203,2019-11-28,76人,25,22,29,21,97
2204,2019-11-28,尼克,29,17,23,29,98
2205,2019-11-28,暴龍,21,37,31,37,126
2206,2019-11-28,熱火,23,19,26,40,108
2207,2019-11-28,火箭,27,39,25,26,117
2208,2019-11-28,快艇,35,29,28,29,121
2209,2019-11-28,灰熊,31,29,28,31,119
2210,2019-11-28,老鷹,17,42,23,20,102
2211,2019-11-28,公鹿,33,27,21,30,111
2212,2019-11-28,灰狼,22,35,24,32,113
2213,2019-11-28,馬刺,24,23,31,23,101
2214,2019-11-28,巫師,36,38,34,32,140
2215,2019-11-28,太陽,34,35,26,37,132
2216,2019-11-28,湖人,25,29,25,35,114
2217,2019-11-28,鵜鶘,38,26,25,21,110
2218,2019-11-28,雷霆,26,24,27,42,119
2219,2019-11-28,拓荒者,42,21,41,32,136
2220,2019-11-28,公牛,17,31,25,17,90
2221,2019-11-28,勇士,25,28,25,26,104
2222,2019-11-30,塞爾蒂克,24,31,26,26,107
2223,2019-11-30,籃網,31,27,29,25,112
2224,2019-11-30,黄蜂,38,24,23,25,110
2225,2019-11-30,活塞,37,20,28,22,107
2226,2019-11-30,暴龍,20,20,26,24,90
2227,2019-11-30,魔術,23,24,12,24,83
2228,2019-11-30,公鹿,38,29,32,20,119
2229,2019-11-30,騎士,29,18,42,21,110
2230,2019-11-30,76人,18,21,31,31,101
2231,2019-11-30,尼克,31,20,17,27,95
2232,2019-11-30,老鷹,23,31,11,29,104
2233,2019-11-30,溜馬,22,21,29,22,105
2234,2019-11-30,勇士,21,37,21,26,105
2235,2019-11-30,熱火,41,30,24,27,122
2236,2019-11-30,爵士,22,18,35,28,103
2237,2019-11-30,灰熊,24,31,18,21,94
2238,2019-11-30,鵜鶘,26,27,31,20,104
2239,2019-11-30,雷霆,34,28,17,30,109
2240,2019-11-30,快艇,30,23,18,26,97
2241,2019-11-30,馬刺,27,26,29,25,107
2242,2019-11-30,獨行俠,31,22,36,31,120
2243,2019-11-30,太陽,25,25,39,24,113
2244,2019-11-30,公牛,28,19,31,25,103
2245,2019-11-30,拓荒者,25,28,28,26,107
2246,2019-11-30,巫師,23,26,30,24,103
2247,2019-11-30,湖人,37,33,35,20,125
2248,2019-12-01,金塊,27,30,18,15,97
2249,2019-12-01,國王,17,23,27,23,100
2250,2019-12-01,溜馬,29,36,28,23,116
2251,2019-12-01,76人,38,27,28,26,119
2252,2019-12-01,老鷹,21,31,21,38,111
2253,2019-12-01,火箭,38,43,46,31,158
2254,2019-12-01,黄蜂,25,24,26,21,96
2255,2019-12-01,公鹿,32,34,35,36,137
2256,2019-12-02,熱火,32,26,25,26,109
2257,2019-12-02,籃網,30,35,16,25,106
2258,2019-12-02,塞爾蒂克,31,27,23,32,113
2259,2019-12-02,尼克,30,28,27,19,104
2260,2019-12-02,灰熊,25,23,38,29,115
2261,2019-12-02,灰狼,21,26,32,28,107
2262,2019-12-02,獨行俠,25,34,35,20,114
2263,2019-12-02,湖人,30,32,17,21,100
2264,2019-12-02,馬刺,27,24,20,27,98
2265,2019-12-02,活塞,32,27,37,36,132
2266,2019-12-02,雷霆,33,23,26,25,107
2267,2019-12-02,鵜鶘,29,26,22,27,104
2268,2019-12-02,勇士,22,29,20,25,96
2269,2019-12-02,魔術,26,25,21,28,100
2270,2019-12-02,爵士,20,17,49,24,110
2271,2019-12-02,暴龍,37,40,30,23,130
2272,2019-12-02,巫師,35,22,41,27,125
2273,2019-12-02,快艇,39,43,34,34,150
2274,2019-12-03,太陽,28,31,21,29,109
2275,2019-12-03,黄蜂,21,18,34,31,104
2276,2019-12-03,爵士,23,19,24,28,94
2277,2019-12-03,76人,31,29,25,18,103
2278,2019-12-03,勇士,23,17,13,26,79
2279,2019-12-03,老鷹,20,29,27,28,104
2280,2019-12-03,溜馬,24,33,28,32,117
2281,2019-12-03,灰熊,19,28,26,31,104
2282,2019-12-03,尼克,15,30,17,26,88
2283,2019-12-03,公鹿,33,39,28,32,132
2284,2019-12-03,公牛,22,33,29,29,113
2285,2019-12-03,國王,23,21,30,32,106
2286,2019-12-04,活塞,32,30,35,30,127
2287,2019-12-04,騎士,28,18,22,26,94
2288,2019-12-04,魔術,32,36,29,30,127
2289,2019-12-04,巫師,26,28,34,32,120
2290,2019-12-04,熱火,32,26,25,25,121
2291,2019-12-04,暴龍,23,30,28,27,110
2292,2019-12-04,獨行俠,24,35,25,34,118
2293,2019-12-04,鵜鶘,24,29,22,22,97
2294,2019-12-04,火箭,25,38,34,18,133
2295,2019-12-04,馬刺,27,32,22,34,135
2296,2019-12-04,湖人,28,32,24,21,105
2297,2019-12-04,金塊,24,25,27,20,96
2298,2019-12-04,拓荒者,30,29,17,21,97
2299,2019-12-04,快艇,29,33,27,28,117
2300,2019-12-05,勇士,20,34,22,15,91
2301,2019-12-05,黄蜂,28,30,28,20,106
2302,2019-12-05,公鹿,22,37,33,35,127
2303,2019-12-05,活塞,24,24,24,31,103
2304,2019-12-05,太陽,37,21,28,28,114
2305,2019-12-05,魔術,31,34,38,25,128
2306,2019-12-05,籃網,22,34,35,39,130
2307,2019-12-05,老鷹,26,21,35,36,118
2308,2019-12-05,熱火,28,16,25,24,93
2309,2019-12-05,塞爾蒂克,20,32,30,30,112
2310,2019-12-05,灰熊,20,15,29,35,99
2311,2019-12-05,公牛,27,23,28,28,106
2312,2019-12-05,溜馬,26,23,30,28,107
2313,2019-12-05,雷霆,29,21,28,22,100
2314,2019-12-05,灰狼,25,31,28,30,114
2315,2019-12-05,獨行俠,30,23,27,41,121
2316,2019-12-05,湖人,34,31,29,27,121
2317,2019-12-05,爵士,26,21,28,21,96
2318,2019-12-05,國王,35,29,31,21,116
2319,2019-12-05,拓荒者,30,36,34,27,127
2320,2019-12-06,76人,33,22,26,32,113
2321,2019-12-06,巫師,25,40,26,28,119
2322,2019-12-06,金塊,33,34,31,31,129
2323,2019-12-06,尼克,27,18,30,17,92
2324,2019-12-06,火箭,34,29,31,25,119
2325,2019-12-06,暴龍,28,27,33,21,109
2326,2019-12-06,太陽,38,36,33,18,139
2327,2019-12-06,鵜鶘,40,30,21,34,132
2328,2019-12-07,籃網,29,26,31,25,111
2329,2019-12-07,黄蜂,32,25,27,20,104
2330,2019-12-07,魔術,24,28,16,25,93
2331,2019-12-07,騎士,25,22,23,17,87
2332,2019-12-07,溜馬,19,25,31,26,101
2333,2019-12-07,活塞,32,23,16,37,108
2334,2019-12-07,金塊,26,19,19,31,95
2335,2019-12-07,塞爾蒂克,33,20,32,23,108
2336,2019-12-07,巫師,28,37,20,18,103
2337,2019-12-07,熱火,27,34,25,26,112
2338,2019-12-07,勇士,23,27,27,23,100
2339,2019-12-07,公牛,28,23,32,15,98
2340,2019-12-07,灰狼,27,31,39,25,127
2341,2019-12-07,雷霆,30,23,41,28,139
2342,2019-12-07,快艇,15,28,19,29,91
2343,2019-12-07,公鹿,30,22,35,32,119
2344,2019-12-07,國王,17,25,30,28,104
2345,2019-12-07,馬刺,21,31,17,31,105
2346,2019-12-07,湖人,39,38,33,26,136
2347,2019-12-07,拓荒者,34,28,31,20,113
2348,2019-12-08,鵜鶘,28,24,14,18,84
2349,2019-12-08,獨行俠,31,33,40,26,130
2350,2019-12-08,溜馬,32,34,23,15,104
2351,2019-12-08,尼克,27,33,21,22,103
2352,2019-12-08,騎士,18,18,26,32,94
2353,2019-12-08,76人,36,41,31,33,141
2354,2019-12-08,太陽,31,21,26,31,109
2355,2019-12-08,火箭,23,37,23,32,115
2356,2019-12-08,灰熊,36,18,30,28,112
2357,2019-12-08,爵士,32,37,28,29,126
2358,2019-12-09,金塊,21,33,23,25,102
2359,2019-12-09,籃網,25,28,29,23,105
2360,2019-12-09,老鷹,24,27,37,34,122
2361,2019-12-09,黄蜂,27,26,30,24,107
2362,2019-12-09,公牛,25,24,24,24,105
2363,2019-12-09,熱火,16,31,27,23,110
2364,2019-12-09,暴龍,22,20,26,36,104
2365,2019-12-09,76人,27,30,29,24,110
2366,2019-12-09,快艇,35,30,35,35,135
2367,2019-12-09,巫師,25,39,29,26,119
2368,2019-12-09,國王,36,30,26,18,110
2369,2019-12-09,獨行俠,27,19,32,28,106
2370,2019-12-09,雷霆,21,34,27,26,108
2371,2019-12-09,拓荒者,20,27,31,18,96
2372,2019-12-09,灰狼,31,34,38,22,125
2373,2019-12-09,湖人,39,34,37,32,142
2374,2019-12-10,快艇,24,36,31,19,110
2375,2019-12-10,溜馬,19,29,25,26,99
2376,2019-12-10,騎士,18,22,26,22,88
2377,2019-12-10,塞爾蒂克,29,24,30,27,110
2378,2019-12-10,暴龍,30,19,22,22,93
2379,2019-12-10,公牛,30,21,20,21,92
2380,2019-12-10,國王,32,27,35,25,119
2381,2019-12-10,火箭,28,36,29,25,118
2382,2019-12-10,魔術,20,20,33,28,101
2383,2019-12-10,公鹿,31,21,28,30,110
2384,2019-12-10,活塞,25,22,34,24,105
2385,2019-12-10,鵜鶘,29,24,21,29,103
2386,2019-12-10,灰狼,31,33,21,24,109
2387,2019-12-10,太陽,33,28,33,31,125
2388,2019-12-10,雷霆,25,26,34,19,104
2389,2019-12-10,爵士,24,23,21,22,90
2390,2019-12-10,灰熊,29,25,34,22,110
2391,2019-12-10,勇士,20,27,32,23,102
2392,2019-12-11,巫師,20,28,27,32,107
2393,2019-12-11,黄蜂,28,25,29,32,114
2394,2019-12-11,金塊,27,23,26,16,92
2395,2019-12-11,76人,26,29,28,14,97
2396,2019-12-11,老鷹,30,34,32,21,121
2397,2019-12-11,熱火,36,30,27,24,135
2398,2019-12-11,尼克,22,19,18,28,87
2399,2019-12-11,拓荒者,32,28,26,29,115
2400,2019-12-12,火箭,35,29,24,28,116
2401,2019-12-12,騎士,29,28,25,28,110
2402,2019-12-12,塞爾蒂克,32,25,37,23,117
2403,2019-12-12,溜馬,30,31,23,38,122
2404,2019-12-12,湖人,26,25,18,27,96
2405,2019-12-12,魔術,9,29,27,22,87
2406,2019-12-12,快艇,27,37,24,24,112
2407,2019-12-12,暴龍,32,14,25,21,92
2408,2019-12-12,黄蜂,26,27,31,29,113
2409,2019-12-12,籃網,34,30,22,22,108
2410,2019-12-12,老鷹,33,19,35,15,102
2411,2019-12-12,公牛,37,29,40,30,136
2412,2019-12-12,爵士,25,34,38,30,127
2413,2019-12-12,灰狼,23,36,24,33,116
2414,2019-12-12,灰熊,27,24,33,31,115
2415,2019-12-12,太陽,19,32,28,29,108
2416,2019-12-12,鵜鶘,20,26,40,26,112
2417,2019-12-12,公鹿,35,34,36,22,127
2418,2019-12-12,雷霆,18,29,24,22,93
2419,2019-12-12,國王,23,15,31,25,94
2420,2019-12-12,尼克,30,38,19,25,124
2421,2019-12-12,勇士,20,30,30,32,122
2422,2019-12-13,76人,28,28,25,34,115
2423,2019-12-13,塞爾蒂克,34,25,21,29,109
2424,2019-12-13,騎士,28,25,25,25,117
2425,2019-12-13,馬刺,19,24,25,35,109
2426,2019-12-13,獨行俠,34,31,30,27,122
2427,2019-12-13,活塞,29,29,27,26,111
2428,2019-12-13,拓荒者,26,27,25,21,99
2429,2019-12-13,金塊,33,29,27,25,114
2430,2019-12-14,火箭,28,34,34,34,130
2431,2019-12-14,魔術,22,33,23,29,107
2432,2019-12-14,鵜鶘,25,32,25,27,109
2433,2019-12-14,76人,39,23,30,24,116
2434,2019-12-14,湖人,30,21,37,25,113
2435,2019-12-14,熱火,29,30,26,25,110
2436,2019-12-14,溜馬,29,34,23,24,110
2437,2019-12-14,老鷹,22,26,35,17,100
2438,2019-12-14,黄蜂,24,20,15,24,83
2439,2019-12-14,公牛,15,25,10,23,73
2440,2019-12-14,公鹿,35,29,26,37,127
2441,2019-12-14,灰熊,29,33,33,19,114
2442,2019-12-14,勇士,29,27,28,22,106
2443,2019-12-14,爵士,22,27,37,28,114
2444,2019-12-14,快艇,33,32,37,22,124
2445,2019-12-14,灰狼,29,29,23,36,117
2446,2019-12-14,尼克,20,25,27,31,103
2447,2019-12-14,國王,32,22,26,21,101
2448,2019-12-15,馬刺,28,16,34,31,121
2449,2019-12-15,太陽,18,30,32,29,119
2450,2019-12-15,籃網,31,29,23,19,102
2451,2019-12-15,暴龍,38,27,25,20,110
2452,2019-12-15,快艇,29,28,22,27,106
2453,2019-12-15,公牛,24,31,29,25,109
2454,2019-12-15,巫師,30,24,30,27,111
2455,2019-12-15,灰熊,35,34,35,24,128
2456,2019-12-15,熱火,37,36,18,21,122
2457,2019-12-15,獨行俠,23,27,31,31,118
2458,2019-12-15,騎士,20,31,28,29,108
2459,2019-12-15,公鹿,26,43,33,23,125
2460,2019-12-15,活塞,30,32,26,27,115
2461,2019-12-15,火箭,32,20,23,32,107
2462,2019-12-15,雷霆,20,29,19,34,102
2463,2019-12-15,金塊,27,25,30,28,110
2464,2019-12-16,魔術,24,34,41,31,130
2465,2019-12-16,鵜鶘,30,27,27,35,119
2466,2019-12-16,黄蜂,20,24,22,19,85
2467,2019-12-16,溜馬,33,26,13,35,107
2468,2019-12-16,湖人,24,31,27,19,101
2469,2019-12-16,老鷹,25,23,30,18,96
2470,2019-12-16,76人,23,20,23,23,89
2471,2019-12-16,籃網,28,29,26,26,109
2472,2019-12-16,尼克,22,29,33,21,105
2473,2019-12-16,金塊,33,34,20,24,111
2474,2019-12-16,國王,26,25,28,21,100
2475,2019-12-16,勇士,18,24,17,20,79
2476,2019-12-17,巫師,43,24,29,37,133
2477,2019-12-17,活塞,31,30,30,28,119
2478,2019-12-17,騎士,29,25,30,29,113
2479,2019-12-17,暴龍,37,29,38,29,133
2480,2019-12-17,馬刺,35,37,17,18,107
2481,2019-12-17,火箭,21,32,30,26,109
2482,2019-12-17,熱火,32,26,28,25,111
2483,2019-12-17,灰熊,36,37,22,23,118
2484,2019-12-17,獨行俠,36,23,27,34,120
2485,2019-12-17,公鹿,22,34,20,40,116
2486,2019-12-17,公牛,37,31,22,16,106
2487,2019-12-17,雷霆,16,33,33,27,109
2488,2019-12-17,拓荒者,25,34,31,21,111
2489,2019-12-17,太陽,33,34,21,22,110
2490,2019-12-18,國王,21,26,32,23,102
2491,2019-12-18,黄蜂,26,27,27,30,110
2492,2019-12-18,湖人,28,24,24,26,102
2493,2019-12-18,溜馬,24,26,28,27,105
2494,2019-12-18,老鷹,27,26,31,36,120
2495,2019-12-18,尼克,41,36,32,34,143
2496,2019-12-18,籃網,21,21,19,32,108
2497,2019-12-18,鵜鶘,21,14,29,29,101
2498,2019-12-18,魔術,20,27,24,31,102
2499,2019-12-18,爵士,26,32,24,27,109
2500,2019-12-18,太陽,23,21,25,30,99
2501,2019-12-18,快艇,31,23,36,30,120
2502,2019-12-19,黄蜂,21,20,23,34,98
2503,2019-12-19,騎士,29,24,23,24,100
2504,2019-12-19,暴龍,30,40,26,16,112
2505,2019-12-19,活塞,29,35,15,20,99
2506,2019-12-19,公牛,23,29,21,25,110
2507,2019-12-19,巫師,27,31,27,13,109
2508,2019-12-19,熱火,19,37,26,26,108
2509,2019-12-19,76人,29,19,26,30,104
2510,2019-12-19,鵜鶘,32,31,24,20,107
2511,2019-12-19,灰狼,25,25,22,27,99
2512,2019-12-19,灰熊,32,36,32,22,122
2513,2019-12-19,雷霆,27,32,34,33,126
2514,2019-12-19,魔術,32,28,16,28,104
2515,2019-12-19,金塊,27,18,39,29,113
2516,2019-12-19,塞爾蒂克,29,21,26,33,109
2517,2019-12-19,獨行俠,29,26,18,30,103
2518,2019-12-19,勇士,29,37,26,20,112
2519,2019-12-19,拓荒者,40,27,30,25,122
2520,2019-12-20,爵士,28,24,31,28,111
2521,2019-12-20,老鷹,30,26,28,22,106
2522,2019-12-20,湖人,17,29,35,23,104
2523,2019-12-20,公鹿,23,42,24,22,111
2524,2019-12-20,籃網,33,23,25,24,105
2525,2019-12-20,馬刺,27,23,33,35,118
2526,2019-12-20,火箭,27,27,36,32,122
2527,2019-12-20,快艇,28,41,18,30,117
2528,2019-12-21,灰熊,27,24,36,20,107
2529,2019-12-21,騎士,25,30,26,33,114
2530,2019-12-21,國王,32,25,22,26,105
2531,2019-12-21,溜馬,30,38,24,27,119
2532,2019-12-21,活塞,26,22,21,24,93
2533,2019-12-21,塞爾蒂克,28,32,31,23,114
2534,2019-12-21,巫師,23,29,33,33,118
2535,2019-12-21,暴龍,40,28,28,26,122
2536,2019-12-21,尼克,20,27,27,40,114
2537,2019-12-21,熱火,39,31,28,31,129
2538,2019-12-21,獨行俠,35,28,25,29,117
2539,2019-12-21,76人,28,29,20,21,98
2540,2019-12-21,太陽,23,27,41,17,108
2541,2019-12-21,雷霆,26,31,44,25,126
2542,2019-12-21,灰狼,20,31,24,25,100
2543,2019-12-21,金塊,33,28,21,27,109
2544,2019-12-21,魔術,13,31,31,28,103
2545,2019-12-21,拓荒者,31,26,36,25,118
2546,2019-12-21,鵜鶘,16,28,37,21,102
2547,2019-12-21,勇士,31,25,22,28,106
2548,2019-12-22,爵士,31,25,28,30,114
2549,2019-12-22,黄蜂,33,31,22,21,107
2550,2019-12-22,老鷹,34,39,25,14,112
2551,2019-12-22,籃網,34,26,25,37,122
2552,2019-12-22,公牛,25,28,40,26,119
2553,2019-12-22,活塞,28,31,30,18,107
2554,2019-12-22,巫師,25,28,27,28,108
2555,2019-12-22,76人,32,33,23,37,125
2556,2019-12-22,公鹿,37,31,27,28,123
2557,2019-12-22,尼克,23,31,16,32,102
2558,2019-12-22,國王,21,29,28,37,115
2559,2019-12-22,灰熊,23,37,31,28,119
2560,2019-12-22,快艇,33,39,38,24,134
2561,2019-12-22,馬刺,31,30,22,26,109
2562,2019-12-22,火箭,36,34,36,33,139
2563,2019-12-22,太陽,35,30,30,30,125
2564,2019-12-22,灰狼,23,29,28,26,106
2565,2019-12-22,拓荒者,27,34,22,30,113
2566,2019-12-23,獨行俠,17,34,35,21,107
2567,2019-12-23,暴龍,20,22,21,47,110
2568,2019-12-23,黄蜂,37,19,21,16,93
2569,2019-12-23,塞爾蒂克,30,29,25,35,119
2570,2019-12-23,溜馬,22,33,18,16,89
2571,2019-12-23,公鹿,21,38,24,34,117
2572,2019-12-23,快艇,33,30,26,23,112
2573,2019-12-23,雷霆,27,30,29,32,118
2574,2019-12-23,金塊,23,32,36,37,128
2575,2019-12-23,湖人,28,25,25,26,104
2576,2019-12-24,老鷹,32,32,30,24,118
2577,2019-12-24,騎士,42,29,23,27,121
2578,2019-12-24,76人,30,30,34,31,125
2579,2019-12-24,活塞,23,29,34,23,109
2580,2019-12-24,暴龍,19,25,35,28,115
2581,2019-12-24,溜馬,30,24,24,29,120
2582,2019-12-24,巫師,32,31,31,27,121
2583,2019-12-24,尼克,37,27,27,24,115
2584,2019-12-24,公牛,28,26,27,14,95
2585,2019-12-24,魔術,28,23,32,20,103
2586,2019-12-24,爵士,28,24,29,23,104
2587,2019-12-24,熱火,32,21,23,31,107
2588,2019-12-24,馬刺,46,26,36,37,145
2589,2019-12-24,灰熊,31,30,28,26,115
2590,2019-12-24,金塊,34,22,26,31,113
2591,2019-12-24,太陽,22,27,32,30,111
2592,2019-12-24,鵜鶘,31,23,28,20,102
2593,2019-12-24,拓荒者,31,25,21,17,94
2594,2019-12-24,火箭,37,28,32,16,113
2595,2019-12-24,國王,21,36,22,25,104
2596,2019-12-24,灰狼,22,21,24,37,104
2597,2019-12-24,勇士,22,35,27,29,113
2598,2019-12-26,塞爾蒂克,28,27,33,30,118
2599,2019-12-26,暴龍,19,28,22,33,102
2600,2019-12-26,公鹿,30,18,25,36,109
2601,2019-12-26,76人,38,31,31,21,121
2602,2019-12-26,火箭,29,39,19,17,104
2603,2019-12-26,勇士,28,36,28,24,116
2604,2019-12-26,快艇,31,20,35,25,111
2605,2019-12-26,湖人,33,30,23,20,106
2606,2019-12-26,鵜鶘,29,29,26,28,112
2607,2019-12-26,金塊,26,29,25,20,100
2608,2019-12-27,巫師,23,25,28,26,102
2609,2019-12-27,活塞,31,37,38,26,132
2610,2019-12-27,尼克,24,22,33,15,94
2611,2019-12-27,籃網,15,26,20,21,82
2612,2019-12-27,灰熊,23,26,37,24,110
2613,2019-12-27,雷霆,18,29,27,23,97
2614,2019-12-27,馬刺,24,23,27,24,98
2615,2019-12-27,獨行俠,20,32,27,23,102
2616,2019-12-27,灰狼,21,29,21,19,105
2617,2019-12-27,國王,26,22,31,11,104
2618,2019-12-27,拓荒者,22,30,24,39,115
2619,2019-12-27,爵士,37,25,34,25,121
2620,2019-12-28,騎士,22,25,34,36,117
2621,2019-12-28,塞爾蒂克,33,29,30,37,129
2622,2019-12-28,雷霆,26,27,19,22,104
2623,2019-12-28,黄蜂,18,25,22,29,102
2624,2019-12-28,76人,21,26,21,29,97
2625,2019-12-28,魔術,19,27,25,27,98
2626,2019-12-28,公鹿,32,31,21,28,112
2627,2019-12-28,老鷹,19,21,23,23,86
2628,2019-12-28,溜馬,27,28,27,30,112
2629,2019-12-28,熱火,25,33,26,29,113
2630,2019-12-28,太陽,29,22,27,18,96
2631,2019-12-28,勇士,25,18,23,39,105
2632,2019-12-29,灰熊,11,28,29,42,110
2633,2019-12-29,金塊,26,24,32,37,119
2634,2019-12-29,暴龍,36,23,30,24,113
2635,2019-12-29,塞爾蒂克,25,29,25,18,97
2636,2019-12-29,溜馬,32,13,23,30,98
2637,2019-12-29,鵜鶘,19,29,38,34,120
2638,2019-12-29,76人,33,26,20,29,116
2639,2019-12-29,熱火,28,26,31,23,117
2640,2019-12-29,尼克,33,26,27,21,107
2641,2019-12-29,巫師,23,35,20,22,100
2642,2019-12-29,老鷹,19,24,22,16,81
2643,2019-12-29,公牛,35,29,19,33,116
2644,2019-12-29,籃網,20,34,25,19,98
2645,2019-12-29,火箭,42,21,25,20,108
2646,2019-12-29,騎士,27,22,18,27,94
2647,2019-12-29,灰狼,21,22,17,28,88
2648,2019-12-29,魔術,25,21,28,26,100
2649,2019-12-29,公鹿,37,19,22,33,111
2650,2019-12-29,活塞,28,27,25,29,109
2651,2019-12-29,馬刺,30,29,42,35,136
2652,2019-12-29,獨行俠,41,31,45,24,141
2653,2019-12-29,勇士,41,33,24,23,121
2654,2019-12-29,太陽,31,28,22,31,112
2655,2019-12-29,國王,30,19,28,33,110
2656,2019-12-29,湖人,34,37,32,25,128
2657,2019-12-29,拓荒者,32,32,31,25,120
2658,2019-12-29,爵士,22,39,32,27,120
2659,2019-12-29,快艇,32,31,29,15,107
2660,2019-12-30,雷霆,22,25,29,22,98
2661,2019-12-30,暴龍,20,27,33,17,97
2662,2019-12-30,黄蜂,20,26,29,29,104
2663,2019-12-30,灰熊,31,25,30,31,117
2664,2019-12-30,火箭,37,27,29,19,112
2665,2019-12-30,鵜鶘,36,28,22,41,127
2666,2019-12-30,國王,32,25,24,34,115
2667,2019-12-30,金塊,31,31,26,32,120
2668,2019-12-30,獨行俠,19,24,26,26,95
2669,2019-12-30,湖人,25,29,30,24,108
2670,2019-12-31,老鷹,25,22,27,27,101
2671,2019-12-31,魔術,21,36,15,21,93
2672,2019-12-31,熱火,39,24,18,24,105
2673,2019-12-31,巫師,29,42,19,33,123
2674,2019-12-31,公鹿,31,24,40,28,123
2675,2019-12-31,公牛,20,32,25,25,102
2676,2019-12-31,籃網,29,21,30,23,115
2677,2019-12-31,灰狼,27,22,25,29,122
2678,2019-12-31,活塞,21,19,18,23,81
2679,2019-12-31,爵士,19,20,29,36,104
2680,2019-12-31,太陽,19,36,28,39,122
2681,2019-12-31,拓荒者,38,26,25,27,116
2682,2020-01-01,塞爾蒂克,24,26,30,29,109
2683,2020-01-01,黄蜂,18,25,30,19,92
2684,2020-01-01,76人,27,16,23,31,97
2685,2020-01-01,溜馬,29,38,29,19,115
2686,2020-01-01,快艇,28,29,31,17,105
2687,2020-01-01,國王,23,17,33,14,87
2688,2020-01-01,騎士,25,18,26,28,97
2689,2020-01-01,暴龍,27,32,27,31,117
2690,2020-01-01,金塊,26,26,37,15,104
2691,2020-01-01,火箭,38,31,23,38,130
2692,2020-01-01,勇士,32,23,20,25,113
2693,2020-01-01,馬刺,25,28,24,23,117
2694,2020-01-01,獨行俠,32,19,27,23,101
2695,2020-01-01,雷霆,20,30,27,29,106
